country,iso3,year,indicator,generation_twh,share_percent,capacity_gw,emissions_intensity_gco2_kwh,source,last_verified
Cote d'Ivoire,CIV,2000,Solar,0.0,0.0,0.0,,Ember Yearly Electricity Data,2026-10-09
Cote d'Ivoire,CIV,2000,Wind,0.0,0.0,0.0,,Ember Yearly Electricity Data,2026-10-09
Cote d'Ivoire,CIV,2000,Hydro,1.75,36.458,0.6,24.0,Ember Yearly Electricity Data,2026-10-09
Cote d'Ivoire,CIV,2000,Bioenergy,0.0,0.0,0.0,,Ember Yearly Electricity Data,2026-10-09
Cote d'Ivoire,CIV,2000,Renewables,1.75,36.458,0.6,24.0,Ember Yearly Electricity Data,2026-10-09
Cote d'Ivoire,CIV,2000,Fossil,3.05,63.542,0.11,558.361,Ember Yearly Electricity Data,2026-10-09
Cote d'Ivoire,CIV,2000,Total generation,4.8,100.0,0.71,363.542,Ember Yearly Electricity Data,2026-10-09
Cote d'Ivoire,CIV,2001,Solar,0.0,0.0,0.0,,Ember Yearly Electricity Data,2026-10-09
Cote d'Ivoire,CIV,2001,Wind,0.0,0.0,0.0,,Ember Yearly Electricity Data,2026-10-09
Cote d'Ivoire,CIV,2001,Hydro,1.78,36.475,0.6,23.596,Ember Yearly Electricity Data,2026-10-09
Cote d'Ivoire,CIV,2001,Bioenergy,0.0,0.0,0.0,,Ember Yearly Electricity Data,2026-10-09
Cote d'Ivoire,CIV,2001,Renewables,1.78,36.475,0.6,23.596,Ember Yearly Electricity Data,2026-10-09
Cote d'Ivoire,CIV,2001,Fossil,3.1,63.525,0.11,558.387,Ember Yearly Electricity Data,2026-10-09
Cote d'Ivoire,CIV,2001,Total generation,4.88,100.0,0.71,363.32,Ember Yearly Electricity Data,2026-10-09
Cote d'Ivoire,CIV,2002,Solar,0.0,0.0,0.0,,Ember Yearly Electricity Data,2026-10-09
Cote d'Ivoire,CIV,2002,Wind,0.0,0.0,0.0,,Ember Yearly Electricity Data,2026-10-09
Cote d'Ivoire,CIV,2002,Hydro,1.71,32.325,0.6,23.977,Ember Yearly Electricity Data,2026-10-09
Cote d'Ivoire,CIV,2002,Bioenergy,0.0,0.0,0.0,,Ember Yearly Electricity Data,2026-10-09
Cote d'Ivoire,CIV,2002,Renewables,1.71,32.325,0.6,23.977,Ember Yearly Electricity Data,2026-10-09
Cote d'Ivoire,CIV,2002,Fossil,3.58,67.675,0.11,558.38,Ember Yearly Electricity Data,2026-10-09
Cote d'Ivoire,CIV,2002,Total generation,5.29,100.0,0.71,385.444,Ember Yearly Electricity Data,2026-10-09
Cote d'Ivoire,CIV,2003,Solar,0.0,0.0,0.0,,Ember Yearly Electricity Data,2026-10-09
Cote d'Ivoire,CIV,2003,Wind,0.0,0.0,0.0,,Ember Yearly Electricity Data,2026-10-09
Cote d'Ivoire,CIV,2003,Hydro,1.81,35.63,0.6,23.757,Ember Yearly Electricity Data,2026-10-09
Cote d'Ivoire,CIV,2003,Bioenergy,0.0,0.0,0.0,,Ember Yearly Electricity Data,2026-10-09
Cote d'Ivoire,CIV,2003,Renewables,1.81,35.63,0.6,23.757,Ember Yearly Electricity Data,2026-10-09
Cote d'Ivoire,CIV,2003,Fossil,3.27,64.37,0.11,558.41,Ember Yearly Electricity Data,2026-10-09
Cote d'Ivoire,CIV,2003,Total generation,5.08,100.0,0.71,367.913,Ember Yearly Electricity Data,2026-10-09
Cote d'Ivoire,CIV,2004,Solar,0.0,0.0,0.0,,Ember Yearly Electricity Data,2026-10-09
Cote d'Ivoire,CIV,2004,Wind,0.0,0.0,0.0,,Ember Yearly Electricity Data,2026-10-09
Cote d'Ivoire,CIV,2004,Hydro,1.73,31.455,0.6,23.699,Ember Yearly Electricity Data,2026-10-09
Cote d'Ivoire,CIV,2004,Bioenergy,0.11,2.0,0.0,218.182,Ember Yearly Electricity Data,2026-10-09
Cote d'Ivoire,CIV,2004,Renewables,1.84,33.455,0.6,35.326,Ember Yearly Electricity Data,2026-10-09
Cote d'Ivoire,CIV,2004,Fossil,3.66,66.545,0.11,558.197,Ember Yearly Electricity Data,2026-10-09
Cote d'Ivoire,CIV,2004,Total generation,5.5,100.0,0.71,383.273,Ember Yearly Electricity Data,2026-10-09
Cote d'Ivoire,CIV,2005,Solar,0.0,0.0,0.0,,Ember Yearly Electricity Data,2026-10-09
Cote d'Ivoire,CIV,2005,Wind,0.0,0.0,0.0,,Ember Yearly Electricity Data,2026-10-09
Cote d'Ivoire,CIV,2005,Hydro,1.42,25.044,0.6,23.944,Ember Yearly Electricity Data,2026-10-09
Cote d'Ivoire,CIV,2005,Bioenergy,0.11,1.94,0.0,218.182,Ember Yearly Electricity Data,2026-10-09
Cote d'Ivoire,CIV,2005,Renewables,1.53,26.984,0.6,37.908,Ember Yearly Electricity Data,2026-10-09
Cote d'Ivoire,CIV,2005,Fossil,4.14,73.016,0.11,558.213,Ember Yearly Electricity Data,2026-10-09
Cote d'Ivoire,CIV,2005,Total generation,5.67,100.0,0.71,417.813,Ember Yearly Electricity Data,2026-10-09
Cote d'Ivoire,CIV,2006,Solar,0.0,0.0,0.0,,Ember Yearly Electricity Data,2026-10-09
Cote d'Ivoire,CIV,2006,Wind,0.0,0.0,0.0,,Ember Yearly Electricity Data,2026-10-09
Cote d'Ivoire,CIV,2006,Hydro,1.5,26.596,0.6,24.0,Ember Yearly Electricity Data,2026-10-09
Cote d'Ivoire,CIV,2006,Bioenergy,0.1,1.773,0.0,220.0,Ember Yearly Electricity Data,2026-10-09
Cote d'Ivoire,CIV,2006,Renewables,1.6,28.369,0.6,35.625,Ember Yearly Electricity Data,2026-10-09
Cote d'Ivoire,CIV,2006,Fossil,4.04,71.631,0.11,558.663,Ember Yearly Electricity Data,2026-10-09
Cote d'Ivoire,CIV,2006,Total generation,5.64,100.0,0.71,410.284,Ember Yearly Electricity Data,2026-10-09
Cote d'Ivoire,CIV,2007,Solar,0.0,0.0,0.0,,Ember Yearly Electricity Data,2026-10-09
Cote d'Ivoire,CIV,2007,Wind,0.0,0.0,0.0,,Ember Yearly Electricity Data,2026-10-09
Cote d'Ivoire,CIV,2007,Hydro,1.78,31.673,0.6,23.596,Ember Yearly Electricity Data,2026-10-09
Cote d'Ivoire,CIV,2007,Bioenergy,0.12,2.135,0.0,216.667,Ember Yearly Electricity Data,2026-10-09
Cote d'Ivoire,CIV,2007,Renewables,1.9,33.808,0.6,35.789,Ember Yearly Electricity Data,2026-10-09
Cote d'Ivoire,CIV,2007,Fossil,3.72,66.192,0.11,558.602,Ember Yearly Electricity Data,2026-10-09
Cote d'Ivoire,CIV,2007,Total generation,5.62,100.0,0.71,381.851,Ember Yearly Electricity Data,2026-10-09
Cote d'Ivoire,CIV,2008,Solar,0.0,0.0,0.0,,Ember Yearly Electricity Data,2026-10-09
Cote d'Ivoire,CIV,2008,Wind,0.0,0.0,0.0,,Ember Yearly Electricity Data,2026-10-09
Cote d'Ivoire,CIV,2008,Hydro,1.88,32.47,0.6,23.936,Ember Yearly Electricity Data,2026-10-09
Cote d'Ivoire,CIV,2008,Bioenergy,0.12,2.073,0.0,216.667,Ember Yearly Electricity Data,2026-10-09
Cote d'Ivoire,CIV,2008,Renewables,2.0,34.542,0.6,35.5,Ember Yearly Electricity Data,2026-10-09
Cote d'Ivoire,CIV,2008,Fossil,3.79,65.458,0.11,558.311,Ember Yearly Electricity Data,2026-10-09
Cote d'Ivoire,CIV,2008,Total generation,5.79,100.0,0.71,377.72,Ember Yearly Electricity Data,2026-10-09
Cote d'Ivoire,CIV,2009,Solar,0.0,0.0,0.0,,Ember Yearly Electricity Data,2026-10-09
Cote d'Ivoire,CIV,2009,Wind,0.0,0.0,0.0,,Ember Yearly Electricity Data,2026-10-09
Cote d'Ivoire,CIV,2009,Hydro,2.11,36.068,0.6,23.697,Ember Yearly Electricity Data,2026-10-09
Cote d'Ivoire,CIV,2009,Bioenergy,0.07,1.197,0.0,214.286,Ember Yearly Electricity Data,2026-10-09
Cote d'Ivoire,CIV,2009,Renewables,2.18,37.265,0.6,29.817,Ember Yearly Electricity Data,2026-10-09
Cote d'Ivoire,CIV,2009,Fossil,3.67,62.735,0.11,558.311,Ember Yearly Electricity Data,2026-10-09
Cote d'Ivoire,CIV,2009,Total generation,5.85,100.0,0.71,361.368,Ember Yearly Electricity Data,2026-10-09
Cote d'Ivoire,CIV,2010,Solar,0.0,0.0,0.0,,Ember Yearly Electricity Data,2026-10-09
Cote d'Ivoire,CIV,2010,Wind,0.0,0.0,0.0,,Ember Yearly Electricity Data,2026-10-09
Cote d'Ivoire,CIV,2010,Hydro,1.6,26.891,0.6,23.75,Ember Yearly Electricity Data,2026-10-09
Cote d'Ivoire,CIV,2010,Bioenergy,0.07,1.176,0.0,214.286,Ember Yearly Electricity Data,2026-10-09
Cote d'Ivoire,CIV,2010,Renewables,1.67,28.067,0.6,31.737,Ember Yearly Electricity Data,2026-10-09
Cote d'Ivoire,CIV,2010,Fossil,4.28,71.933,0.21000000000000002,560.047,Ember Yearly Electricity Data,2026-10-09
Cote d'Ivoire,CIV,2010,Total generation,5.95,100.0,0.8099999999999999,411.933,Ember Yearly Electricity Data,2026-10-09
Cote d'Ivoire,CIV,2011,Solar,0.0,0.0,0.0,,Ember Yearly Electricity Data,2026-10-09
Cote d'Ivoire,CIV,2011,Wind,0.0,0.0,0.0,,Ember Yearly Electricity Data,2026-10-09
Cote d'Ivoire,CIV,2011,Hydro,1.76,28.947,0.6,23.864,Ember Yearly Electricity Data,2026-10-09
Cote d'Ivoire,CIV,2011,Bioenergy,0.06,0.987,0.0,216.667,Ember Yearly Electricity Data,2026-10-09
Cote d'Ivoire,CIV,2011,Renewables,1.82,29.934,0.6,30.22,Ember Yearly Electricity Data,2026-10-09
Cote d'Ivoire,CIV,2011,Fossil,4.26,70.066,0.21000000000000002,558.685,Ember Yearly Electricity Data,2026-10-09
Cote d'Ivoire,CIV,2011,Total generation,6.08,100.0,0.8099999999999999,400.493,Ember Yearly Electricity Data,2026-10-09
Cote d'Ivoire,CIV,2012,Solar,0.0,0.0,0.0,,Ember Yearly Electricity Data,2026-10-09
Cote d'Ivoire,CIV,2012,Wind,0.0,0.0,0.0,,Ember Yearly Electricity Data,2026-10-09
Cote d'Ivoire,CIV,2012,Hydro,1.77,25.286,0.6,23.729,Ember Yearly Electricity Data,2026-10-09
Cote d'Ivoire,CIV,2012,Bioenergy,0.07,1.0,0.0,214.286,Ember Yearly Electricity Data,2026-10-09
Cote d'Ivoire,CIV,2012,Renewables,1.84,26.286,0.6,30.978,Ember Yearly Electricity Data,2026-10-09
Cote d'Ivoire,CIV,2012,Fossil,5.16,73.714,0.21000000000000002,566.279,Ember Yearly Electricity Data,2026-10-09
Cote d'Ivoire,CIV,2012,Total generation,7.0,100.0,0.8099999999999999,425.714,Ember Yearly Electricity Data,2026-10-09
Cote d'Ivoire,CIV,2013,Solar,0.0,0.0,0.0,,Ember Yearly Electricity Data,2026-10-09
Cote d'Ivoire,CIV,2013,Wind,0.0,0.0,0.0,,Ember Yearly Electricity Data,2026-10-09
Cote d'Ivoire,CIV,2013,Hydro,1.59,20.839,0.6,23.899,Ember Yearly Electricity Data,2026-10-09
Cote d'Ivoire,CIV,2013,Bioenergy,0.07,0.917,0.0,214.286,Ember Yearly Electricity Data,2026-10-09
Cote d'Ivoire,CIV,2013,Renewables,1.66,21.756,0.6,31.928,Ember Yearly Electricity Data,2026-10-09
Cote d'Ivoire,CIV,2013,Fossil,5.97,78.244,0.31,561.474,Ember Yearly Electricity Data,2026-10-09
Cote d'Ivoire,CIV,2013,Total generation,7.63,100.0,0.9099999999999999,446.134,Ember Yearly Electricity Data,2026-10-09
Cote d'Ivoire,CIV,2014,Solar,0.0,0.0,0.0,,Ember Yearly Electricity Data,2026-10-09
Cote d'Ivoire,CIV,2014,Wind,0.0,0.0,0.0,,Ember Yearly Electricity Data,2026-10-09
Cote d'Ivoire,CIV,2014,Hydro,1.89,22.854,0.6,23.81,Ember Yearly Electricity Data,2026-10-09
Cote d'Ivoire,CIV,2014,Bioenergy,0.07,0.846,0.0,214.286,Ember Yearly Electricity Data,2026-10-09
Cote d'Ivoire,CIV,2014,Renewables,1.96,23.7,0.6,30.612,Ember Yearly Electricity Data,2026-10-09
Cote d'Ivoire,CIV,2014,Fossil,6.31,76.3,0.31,566.086,Ember Yearly Electricity Data,2026-10-09
Cote d'Ivoire,CIV,2014,Total generation,8.27,100.0,0.9099999999999999,439.178,Ember Yearly Electricity Data,2026-10-09
Cote d'Ivoire,CIV,2015,Solar,0.0,0.0,0.0,,Ember Yearly Electricity Data,2026-10-09
Cote d'Ivoire,CIV,2015,Wind,0.0,0.0,0.0,,Ember Yearly Electricity Data,2026-10-09
Cote d'Ivoire,CIV,2015,Hydro,1.34,15.402,0.6,23.881,Ember Yearly Electricity Data,2026-10-09
Cote d'Ivoire,CIV,2015,Bioenergy,0.1,1.149,0.0,220.0,Ember Yearly Electricity Data,2026-10-09
Cote d'Ivoire,CIV,2015,Renewables,1.44,16.552,0.6,36.806,Ember Yearly Electricity Data,2026-10-09
Cote d'Ivoire,CIV,2015,Fossil,7.26,83.448,0.77,564.325,Ember Yearly Electricity Data,2026-10-09
Cote d'Ivoire,CIV,2015,Total generation,8.7,100.0,1.3699999999999999,477.126,Ember Yearly Electricity Data,2026-10-09
Cote d'Ivoire,CIV,2016,Solar,0.0,0.0,0.0,,Ember Yearly Electricity Data,2026-10-09
Cote d'Ivoire,CIV,2016,Wind,0.0,0.0,0.0,,Ember Yearly Electricity Data,2026-10-09
Cote d'Ivoire,CIV,2016,Hydro,1.51,14.761,0.6,23.841,Ember Yearly Electricity Data,2026-10-09
Cote d'Ivoire,CIV,2016,Bioenergy,0.17,1.662,0.0,217.647,Ember Yearly Electricity Data,2026-10-09
Cote d'Ivoire,CIV,2016,Renewables,1.68,16.422,0.6,43.452,Ember Yearly Electricity Data,2026-10-09
Cote d'Ivoire,CIV,2016,Fossil,8.55,83.578,1.03,558.83,Ember Yearly Electricity Data,2026-10-09
Cote d'Ivoire,CIV,2016,Total generation,10.23,100.0,1.63,474.194,Ember Yearly Electricity Data,2026-10-09
Cote d'Ivoire,CIV,2017,Solar,0.01,0.099,0.0,0.0,Ember Yearly Electricity Data,2026-10-09
Cote d'Ivoire,CIV,2017,Wind,0.0,0.0,0.0,,Ember Yearly Electricity Data,2026-10-09
Cote d'Ivoire,CIV,2017,Hydro,2.03,20.059,0.88,23.645,Ember Yearly Electricity Data,2026-10-09
Cote d'Ivoire,CIV,2017,Bioenergy,0.11,1.087,0.0,218.182,Ember Yearly Electricity Data,2026-10-09
Cote d'Ivoire,CIV,2017,Renewables,2.15,21.245,0.88,33.488,Ember Yearly Electricity Data,2026-10-09
Cote d'Ivoire,CIV,2017,Fossil,7.97,78.755,1.03,559.097,Ember Yearly Electricity Data,2026-10-09
Cote d'Ivoire,CIV,2017,Total generation,10.12,100.0,1.91,447.431,Ember Yearly Electricity Data,2026-10-09
Cote d'Ivoire,CIV,2018,Solar,0.01,0.1,0.0,0.0,Ember Yearly Electricity Data,2026-10-09
Cote d'Ivoire,CIV,2018,Wind,0.0,0.0,0.0,,Ember Yearly Electricity Data,2026-10-09
Cote d'Ivoire,CIV,2018,Hydro,2.93,29.183,0.88,23.891,Ember Yearly Electricity Data,2026-10-09
Cote d'Ivoire,CIV,2018,Bioenergy,0.06,0.598,0.0,216.667,Ember Yearly Electricity Data,2026-10-09
Cote d'Ivoire,CIV,2018,Renewables,3.0,29.88,0.88,27.667,Ember Yearly Electricity Data,2026-10-09
Cote d'Ivoire,CIV,2018,Fossil,7.04,70.12,1.03,558.239,Ember Yearly Electricity Data,2026-10-09
Cote d'Ivoire,CIV,2018,Total generation,10.04,100.0,1.91,399.701,Ember Yearly Electricity Data,2026-10-09
Cote d'Ivoire,CIV,2019,Solar,0.01,0.094,0.0,0.0,Ember Yearly Electricity Data,2026-10-09
Cote d'Ivoire,CIV,2019,Wind,0.0,0.0,0.0,,Ember Yearly Electricity Data,2026-10-09
Cote d'Ivoire,CIV,2019,Hydro,3.45,32.364,0.88,23.768,Ember Yearly Electricity Data,2026-10-09
Cote d'Ivoire,CIV,2019,Bioenergy,0.07,0.657,0.0,214.286,Ember Yearly Electricity Data,2026-10-09
Cote d'Ivoire,CIV,2019,Renewables,3.53,33.114,0.88,27.762,Ember Yearly Electricity Data,2026-10-09
Cote d'Ivoire,CIV,2019,Fossil,7.13,66.886,1.03,558.205,Ember Yearly Electricity Data,2026-10-09
Cote d'Ivoire,CIV,2019,Total generation,10.66,100.0,1.91,382.458,Ember Yearly Electricity Data,2026-10-09
Cote d'Ivoire,CIV,2020,Solar,0.02,0.178,0.01,50.0,Ember Yearly Electricity Data,2026-10-09
Cote d'Ivoire,CIV,2020,Wind,0.0,0.0,0.0,,Ember Yearly Electricity Data,2026-10-09
Cote d'Ivoire,CIV,2020,Hydro,3.35,29.751,0.88,23.881,Ember Yearly Electricity Data,2026-10-09
Cote d'Ivoire,CIV,2020,Bioenergy,0.07,0.622,0.0,214.286,Ember Yearly Electricity Data,2026-10-09
Cote d'Ivoire,CIV,2020,Renewables,3.44,30.551,0.89,27.907,Ember Yearly Electricity Data,2026-10-09
Cote d'Ivoire,CIV,2020,Fossil,7.82,69.449,1.03,558.312,Ember Yearly Electricity Data,2026-10-09
Cote d'Ivoire,CIV,2020,Total generation,11.26,100.0,1.92,396.27,Ember Yearly Electricity Data,2026-10-09
Cote d'Ivoire,CIV,2021,Solar,0.02,0.176,0.01,50.0,Ember Yearly Electricity Data,2026-10-09
Cote d'Ivoire,CIV,2021,Wind,0.0,0.0,0.0,,Ember Yearly Electricity Data,2026-10-09
Cote d'Ivoire,CIV,2021,Hydro,2.61,22.996,0.88,23.755,Ember Yearly Electricity Data,2026-10-09
Cote d'Ivoire,CIV,2021,Bioenergy,0.08,0.705,0.0,212.5,Ember Yearly Electricity Data,2026-10-09
Cote d'Ivoire,CIV,2021,Renewables,2.71,23.877,0.89,29.52,Ember Yearly Electricity Data,2026-10-09
Cote d'Ivoire,CIV,2021,Fossil,8.64,76.123,1.03,558.333,Ember Yearly Electricity Data,2026-10-09
Cote d'Ivoire,CIV,2021,Total generation,11.35,100.0,1.92,432.07,Ember Yearly Electricity Data,2026-10-09
Cote d'Ivoire,CIV,2022,Solar,0.02,0.159,0.01,50.0,Ember Yearly Electricity Data,2026-10-09
Cote d'Ivoire,CIV,2022,Wind,0.0,0.0,0.0,,Ember Yearly Electricity Data,2026-10-09
Cote d'Ivoire,CIV,2022,Hydro,3.35,26.566,0.88,23.881,Ember Yearly Electricity Data,2026-10-09
Cote d'Ivoire,CIV,2022,Bioenergy,0.08,0.634,0.0,212.5,Ember Yearly Electricity Data,2026-10-09
Cote d'Ivoire,CIV,2022,Renewables,3.45,27.359,0.89,28.406,Ember Yearly Electricity Data,2026-10-09
Cote d'Ivoire,CIV,2022,Fossil,9.16,72.641,1.28,558.297,Ember Yearly Electricity Data,2026-10-09
Cote d'Ivoire,CIV,2022,Total generation,12.61,100.0,2.17,413.323,Ember Yearly Electricity Data,2026-10-09
Cote d'Ivoire,CIV,2023,Solar,0.02,0.182,0.04,50.0,Ember Yearly Electricity Data,2026-10-09
Cote d'Ivoire,CIV,2023,Wind,0.0,0.0,0.0,,Ember Yearly Electricity Data,2026-10-09
Cote d'Ivoire,CIV,2023,Hydro,3.2,29.144,0.88,23.75,Ember Yearly Electricity Data,2026-10-09
Cote d'Ivoire,CIV,2023,Bioenergy,0.09,0.82,0.0,211.111,Ember Yearly Electricity Data,2026-10-09
Cote d'Ivoire,CIV,2023,Renewables,3.31,30.146,0.92,29.003,Ember Yearly Electricity Data,2026-10-09
Cote d'Ivoire,CIV,2023,Fossil,7.67,69.854,1.67,558.279,Ember Yearly Electricity Data,2026-10-09
Cote d'Ivoire,CIV,2023,Total generation,10.98,100.0,2.5900000000000003,398.816,Ember Yearly Electricity Data,2026-10-09
Cote d'Ivoire,CIV,2024,Solar,0.02,0.185,0.04,50.0,Ember Yearly Electricity Data,2026-10-09
Cote d'Ivoire,CIV,2024,Wind,0.0,0.0,0.0,,Ember Yearly Electricity Data,2026-10-09
Cote d'Ivoire,CIV,2024,Hydro,3.0,27.804,0.99,23.667,Ember Yearly Electricity Data,2026-10-09
Cote d'Ivoire,CIV,2024,Bioenergy,0.1,0.927,0.0,220.0,Ember Yearly Electricity Data,2026-10-09
Cote d'Ivoire,CIV,2024,Renewables,3.12,28.916,1.03,30.128,Ember Yearly Electricity Data,2026-10-09
Cote d'Ivoire,CIV,2024,Fossil,7.67,71.084,1.67,558.279,Ember Yearly Electricity Data,2026-10-09
Cote d'Ivoire,CIV,2024,Total generation,10.79,100.0,2.7,405.561,Ember Yearly Electricity Data,2026-10-09
Denmark,DNK,2000,Solar,0.0,0.0,0.0,,Ember Yearly Electricity Data,2026-10-09
Denmark,DNK,2000,Wind,4.24,11.827,2.39,12.264,Ember Yearly Electricity Data,2026-10-09
Denmark,DNK,2000,Hydro,0.03,0.084,0.01,33.333,Ember Yearly Electricity Data,2026-10-09
Denmark,DNK,2000,Bioenergy,1.3,3.626,0.13,216.154,Ember Yearly Electricity Data,2026-10-09
Denmark,DNK,2000,Renewables,5.57,15.537,2.6500000000000004,59.964,Ember Yearly Electricity Data,2026-10-09
Denmark,DNK,2000,Fossil,30.28,84.463,6.07,732.431,Ember Yearly Electricity Data,2026-10-09
Denmark,DNK,2000,Total generation,35.85,100.0,8.72,627.95,Ember Yearly Electricity Data,2026-10-09
Denmark,DNK,2001,Solar,0.0,0.0,0.0,,Ember Yearly Electricity Data,2026-10-09
Denmark,DNK,2001,Wind,4.31,11.481,2.5,12.297,Ember Yearly Electricity Data,2026-10-09
Denmark,DNK,2001,Hydro,0.03,0.08,0.01,33.333,Ember Yearly Electricity Data,2026-10-09
Denmark,DNK,2001,Bioenergy,1.51,4.022,0.18,215.894,Ember Yearly Electricity Data,2026-10-09
Denmark,DNK,2001,Renewables,5.85,15.583,2.81,64.957,Ember Yearly Electricity Data,2026-10-09
Denmark,DNK,2001,Fossil,31.69,84.417,6.07,734.964,Ember Yearly Electricity Data,2026-10-09
Denmark,DNK,2001,Total generation,37.54,100.0,8.879999999999999,630.581,Ember Yearly Electricity Data,2026-10-09
Denmark,DNK,2002,Solar,0.0,0.0,0.0,,Ember Yearly Electricity Data,2026-10-09
Denmark,DNK,2002,Wind,4.88,12.481,2.89,12.295,Ember Yearly Electricity Data,2026-10-09
Denmark,DNK,2002,Hydro,0.03,0.077,0.01,33.333,Ember Yearly Electricity Data,2026-10-09
Denmark,DNK,2002,Bioenergy,1.88,4.808,0.27,215.957,Ember Yearly Electricity Data,2026-10-09
Denmark,DNK,2002,Renewables,6.79,17.366,3.31,68.778,Ember Yearly Electricity Data,2026-10-09
Denmark,DNK,2002,Fossil,32.31,82.634,5.8100000000000005,734.262,Ember Yearly Electricity Data,2026-10-09
Denmark,DNK,2002,Total generation,39.1,100.0,9.120000000000001,618.721,Ember Yearly Electricity Data,2026-10-09
Denmark,DNK,2003,Solar,0.0,0.0,0.0,,Ember Yearly Electricity Data,2026-10-09
Denmark,DNK,2003,Wind,5.56,12.095,3.12,12.41,Ember Yearly Electricity Data,2026-10-09
Denmark,DNK,2003,Hydro,0.02,0.044,0.01,0.0,Ember Yearly Electricity Data,2026-10-09
Denmark,DNK,2003,Bioenergy,2.49,5.417,0.37,216.064,Ember Yearly Electricity Data,2026-10-09
Denmark,DNK,2003,Renewables,8.07,17.555,3.64,75.341,Ember Yearly Electricity Data,2026-10-09
Denmark,DNK,2003,Fossil,37.9,82.445,6.15,774.142,Ember Yearly Electricity Data,2026-10-09
Denmark,DNK,2003,Total generation,45.97,100.0,9.79,651.468,Ember Yearly Electricity Data,2026-10-09
Denmark,DNK,2004,Solar,0.0,0.0,0.0,,Ember Yearly Electricity Data,2026-10-09
Denmark,DNK,2004,Wind,6.59,16.377,3.12,12.443,Ember Yearly Electricity Data,2026-10-09
Denmark,DNK,2004,Hydro,0.03,0.075,0.01,33.333,Ember Yearly Electricity Data,2026-10-09
Denmark,DNK,2004,Bioenergy,2.91,7.232,0.54,216.151,Ember Yearly Electricity Data,2026-10-09
Denmark,DNK,2004,Renewables,9.53,23.683,3.83,74.711,Ember Yearly Electricity Data,2026-10-09
Denmark,DNK,2004,Fossil,30.71,76.317,6.08,738.391,Ember Yearly Electricity Data,2026-10-09
Denmark,DNK,2004,Total generation,40.24,100.0,9.91,581.188,Ember Yearly Electricity Data,2026-10-09
Denmark,DNK,2005,Solar,0.0,0.0,0.0,,Ember Yearly Electricity Data,2026-10-09
Denmark,DNK,2005,Wind,6.61,18.32,3.13,12.405,Ember Yearly Electricity Data,2026-10-09
Denmark,DNK,2005,Hydro,0.02,0.055,0.01,0.0,Ember Yearly Electricity Data,2026-10-09
Denmark,DNK,2005,Bioenergy,3.17,8.786,0.65,216.088,Ember Yearly Electricity Data,2026-10-09
Denmark,DNK,2005,Renewables,9.8,27.162,3.94,78.367,Ember Yearly Electricity Data,2026-10-09
Denmark,DNK,2005,Fossil,26.28,72.838,6.1,729.795,Ember Yearly Electricity Data,2026-10-09
Denmark,DNK,2005,Total generation,36.08,100.0,10.04,552.827,Ember Yearly Electricity Data,2026-10-09
Denmark,DNK,2006,Solar,0.0,0.0,0.0,,Ember Yearly Electricity Data,2026-10-09
Denmark,DNK,2006,Wind,6.1,13.424,3.14,12.459,Ember Yearly Electricity Data,2026-10-09
Denmark,DNK,2006,Hydro,0.02,0.044,0.01,0.0,Ember Yearly Electricity Data,2026-10-09
Denmark,DNK,2006,Bioenergy,3.07,6.756,0.52,216.287,Ember Yearly Electricity Data,2026-10-09
Denmark,DNK,2006,Renewables,9.19,20.224,3.8200000000000003,80.522,Ember Yearly Electricity Data,2026-10-09
Denmark,DNK,2006,Fossil,36.25,79.776,6.1,776.248,Ember Yearly Electricity Data,2026-10-09
Denmark,DNK,2006,Total generation,45.44,100.0,9.920000000000002,635.541,Ember Yearly Electricity Data,2026-10-09
Denmark,DNK,2007,Solar,0.0,0.0,0.0,,Ember Yearly Electricity Data,2026-10-09
Denmark,DNK,2007,Wind,7.17,18.319,3.12,12.413,Ember Yearly Electricity Data,2026-10-09
Denmark,DNK,2007,Hydro,0.03,0.077,0.01,33.333,Ember Yearly Electricity Data,2026-10-09
Denmark,DNK,2007,Bioenergy,3.1,7.92,0.39,216.129,Ember Yearly Electricity Data,2026-10-09
Denmark,DNK,2007,Renewables,10.3,26.316,3.64,73.786,Ember Yearly Electricity Data,2026-10-09
Denmark,DNK,2007,Fossil,28.84,73.684,6.1,783.911,Ember Yearly Electricity Data,2026-10-09
Denmark,DNK,2007,Total generation,39.14,100.0,9.74,597.036,Ember Yearly Electricity Data,2026-10-09
Denmark,DNK,2008,Solar,0.0,0.0,0.0,,Ember Yearly Electricity Data,2026-10-09
Denmark,DNK,2008,Wind,6.93,18.997,3.16,12.41,Ember Yearly Electricity Data,2026-10-09
Denmark,DNK,2008,Hydro,0.03,0.082,0.01,33.333,Ember Yearly Electricity Data,2026-10-09
Denmark,DNK,2008,Bioenergy,3.14,8.607,0.63,216.242,Ember Yearly Electricity Data,2026-10-09
Denmark,DNK,2008,Renewables,10.1,27.686,3.95,75.743,Ember Yearly Electricity Data,2026-10-09
Denmark,DNK,2008,Fossil,26.38,72.314,6.13,769.181,Ember Yearly Electricity Data,2026-10-09
Denmark,DNK,2008,Total generation,36.48,100.0,10.08,577.22,Ember Yearly Electricity Data,2026-10-09
Denmark,DNK,2009,Solar,0.0,0.0,0.0,,Ember Yearly Electricity Data,2026-10-09
Denmark,DNK,2009,Wind,6.73,18.566,3.48,12.481,Ember Yearly Electricity Data,2026-10-09
Denmark,DNK,2009,Hydro,0.02,0.055,0.01,0.0,Ember Yearly Electricity Data,2026-10-09
Denmark,DNK,2009,Bioenergy,3.32,9.159,0.78,216.265,Ember Yearly Electricity Data,2026-10-09
Denmark,DNK,2009,Renewables,10.07,27.779,4.43,79.643,Ember Yearly Electricity Data,2026-10-09
Denmark,DNK,2009,Fossil,26.18,72.221,5.94,776.662,Ember Yearly Electricity Data,2026-10-09
Denmark,DNK,2009,Total generation,36.25,100.0,10.370000000000001,583.034,Ember Yearly Electricity Data,2026-10-09
Denmark,DNK,2010,Solar,0.01,0.026,0.01,0.0,Ember Yearly Electricity Data,2026-10-09
Denmark,DNK,2010,Wind,7.81,20.155,3.8,12.548,Ember Yearly Electricity Data,2026-10-09
Denmark,DNK,2010,Hydro,0.02,0.052,0.01,0.0,Ember Yearly Electricity Data,2026-10-09
Denmark,DNK,2010,Bioenergy,4.59,11.845,0.95,216.122,Ember Yearly Electricity Data,2026-10-09
Denmark,DNK,2010,Renewables,12.43,32.077,4.92,87.852,Ember Yearly Electricity Data,2026-10-09
Denmark,DNK,2010,Fossil,26.32,67.923,5.61,754.027,Ember Yearly Electricity Data,2026-10-09
Denmark,DNK,2010,Total generation,38.75,100.0,10.530000000000001,540.335,Ember Yearly Electricity Data,2026-10-09
Denmark,DNK,2011,Solar,0.01,0.028,0.02,0.0,Ember Yearly Electricity Data,2026-10-09
Denmark,DNK,2011,Wind,9.77,27.827,3.95,12.59,Ember Yearly Electricity Data,2026-10-09
Denmark,DNK,2011,Hydro,0.02,0.057,0.01,0.0,Ember Yearly Electricity Data,2026-10-09
Denmark,DNK,2011,Bioenergy,4.37,12.447,1.0,216.247,Ember Yearly Electricity Data,2026-10-09
Denmark,DNK,2011,Renewables,14.17,40.359,5.13,75.441,Ember Yearly Electricity Data,2026-10-09
Denmark,DNK,2011,Fossil,20.94,59.641,5.61,764.947,Ember Yearly Electricity Data,2026-10-09
Denmark,DNK,2011,Total generation,35.11,100.0,10.74,486.67,Ember Yearly Electricity Data,2026-10-09
Denmark,DNK,2012,Solar,0.1,0.327,0.4,50.0,Ember Yearly Electricity Data,2026-10-09
Denmark,DNK,2012,Wind,10.27,33.595,4.16,12.561,Ember Yearly Electricity Data,2026-10-09
Denmark,DNK,2012,Hydro,0.02,0.065,0.01,0.0,Ember Yearly Electricity Data,2026-10-09
Denmark,DNK,2012,Bioenergy,4.45,14.557,1.24,216.18,Ember Yearly Electricity Data,2026-10-09
Denmark,DNK,2012,Renewables,14.84,48.544,5.95,73.854,Ember Yearly Electricity Data,2026-10-09
Denmark,DNK,2012,Fossil,15.73,51.456,5.3500000000000005,768.595,Ember Yearly Electricity Data,2026-10-09
Denmark,DNK,2012,Total generation,30.57,100.0,11.3,431.371,Ember Yearly Electricity Data,2026-10-09
Denmark,DNK,2013,Solar,0.52,1.502,0.57,48.077,Ember Yearly Electricity Data,2026-10-09
Denmark,DNK,2013,Wind,11.12,32.129,4.82,12.59,Ember Yearly Electricity Data,2026-10-09
Denmark,DNK,2013,Hydro,0.01,0.029,0.01,0.0,Ember Yearly Electricity Data,2026-10-09
Denmark,DNK,2013,Bioenergy,4.31,12.453,1.02,216.241,Ember Yearly Electricity Data,2026-10-09
Denmark,DNK,2013,Renewables,15.96,46.114,6.59,68.734,Ember Yearly Electricity Data,2026-10-09
Denmark,DNK,2013,Fossil,18.65,53.886,5.3500000000000005,818.123,Ember Yearly Electricity Data,2026-10-09
Denmark,DNK,2013,Total generation,34.61,100.0,11.940000000000001,472.551,Ember Yearly Electricity Data,2026-10-09
Denmark,DNK,2014,Solar,0.6,1.873,0.61,48.333,Ember Yearly Electricity Data,2026-10-09
Denmark,DNK,2014,Wind,13.08,40.824,4.89,12.615,Ember Yearly Electricity Data,2026-10-09
Denmark,DNK,2014,Hydro,0.02,0.062,0.01,0.0,Ember Yearly Electricity Data,2026-10-09
Denmark,DNK,2014,Bioenergy,4.29,13.39,1.09,216.084,Ember Yearly Electricity Data,2026-10-09
Denmark,DNK,2014,Renewables,17.99,56.149,6.76,62.368,Ember Yearly Electricity Data,2026-10-09
Denmark,DNK,2014,Fossil,14.05,43.851,5.04,832.669,Ember Yearly Electricity Data,2026-10-09
Denmark,DNK,2014,Total generation,32.04,100.0,11.8,400.156,Ember Yearly Electricity Data,2026-10-09
Denmark,DNK,2015,Solar,0.6,2.085,0.78,48.333,Ember Yearly Electricity Data,2026-10-09
Denmark,DNK,2015,Wind,14.13,49.097,5.08,12.597,Ember Yearly Electricity Data,2026-10-09
Denmark,DNK,2015,Hydro,0.02,0.069,0.01,0.0,Ember Yearly Electricity Data,2026-10-09
Denmark,DNK,2015,Bioenergy,4.18,14.524,1.08,216.268,Ember Yearly Electricity Data,2026-10-09
Denmark,DNK,2015,Renewables,18.93,65.775,7.12,58.637,Ember Yearly Electricity Data,2026-10-09
Denmark,DNK,2015,Fossil,9.85,34.225,5.04,803.858,Ember Yearly Electricity Data,2026-10-09
Denmark,DNK,2015,Total generation,28.78,100.0,12.16,313.69,Ember Yearly Electricity Data,2026-10-09
Denmark,DNK,2016,Solar,0.74,2.434,0.85,47.297,Ember Yearly Electricity Data,2026-10-09
Denmark,DNK,2016,Wind,12.78,42.039,5.25,12.598,Ember Yearly Electricity Data,2026-10-09
Denmark,DNK,2016,Hydro,0.02,0.066,0.01,0.0,Ember Yearly Electricity Data,2026-10-09
Denmark,DNK,2016,Bioenergy,4.85,15.954,1.14,216.289,Ember Yearly Electricity Data,2026-10-09
Denmark,DNK,2016,Renewables,18.39,60.493,7.42,67.7,Ember Yearly Electricity Data,2026-10-09
Denmark,DNK,2016,Fossil,12.01,39.507,4.29,809.326,Ember Yearly Electricity Data,2026-10-09
Denmark,DNK,2016,Total generation,30.4,100.0,11.709999999999999,360.724,Ember Yearly Electricity Data,2026-10-09
Denmark,DNK,2017,Solar,0.75,2.427,0.91,48.0,Ember Yearly Electricity Data,2026-10-09
Denmark,DNK,2017,Wind,14.78,47.832,5.49,12.585,Ember Yearly Electricity Data,2026-10-09
Denmark,DNK,2017,Hydro,0.02,0.065,0.01,0.0,Ember Yearly Electricity Data,2026-10-09
Denmark,DNK,2017,Bioenergy,6.25,20.227,1.61,216.16,Ember Yearly Electricity Data,2026-10-09
Denmark,DNK,2017,Renewables,21.8,70.55,8.2,72.156,Ember Yearly Electricity Data,2026-10-09
Denmark,DNK,2017,Fossil,9.1,29.45,4.29,786.484,Ember Yearly Electricity Data,2026-10-09
Denmark,DNK,2017,Total generation,30.9,100.0,12.49,282.524,Ember Yearly Electricity Data,2026-10-09
Denmark,DNK,2018,Solar,0.95,3.145,1.0,47.368,Ember Yearly Electricity Data,2026-10-09
Denmark,DNK,2018,Wind,13.9,46.011,6.12,12.59,Ember Yearly Electricity Data,2026-10-09
Denmark,DNK,2018,Hydro,0.01,0.033,0.01,0.0,Ember Yearly Electricity Data,2026-10-09
Denmark,DNK,2018,Bioenergy,5.89,19.497,1.59,216.129,Ember Yearly Electricity Data,2026-10-09
Denmark,DNK,2018,Renewables,20.75,68.686,8.9,72.0,Ember Yearly Electricity Data,2026-10-09
Denmark,DNK,2018,Fossil,9.46,31.314,4.29,790.698,Ember Yearly Electricity Data,2026-10-09
Denmark,DNK,2018,Total generation,30.21,100.0,13.19,297.054,Ember Yearly Electricity Data,2026-10-09
Denmark,DNK,2019,Solar,0.96,3.269,1.08,47.917,Ember Yearly Electricity Data,2026-10-09
Denmark,DNK,2019,Wind,16.15,54.988,6.11,12.632,Ember Yearly Electricity Data,2026-10-09
Denmark,DNK,2019,Hydro,0.02,0.068,0.01,0.0,Ember Yearly Electricity Data,2026-10-09
Denmark,DNK,2019,Bioenergy,5.94,20.225,1.8,216.162,Ember Yearly Electricity Data,2026-10-09
Denmark,DNK,2019,Renewables,23.07,78.55,9.18,66.493,Ember Yearly Electricity Data,2026-10-09
Denmark,DNK,2019,Fossil,6.3,21.45,3.23,708.254,Ember Yearly Electricity Data,2026-10-09
Denmark,DNK,2019,Total generation,29.37,100.0,12.41,204.154,Ember Yearly Electricity Data,2026-10-09
Denmark,DNK,2020,Solar,1.18,4.129,1.3,47.458,Ember Yearly Electricity Data,2026-10-09
Denmark,DNK,2020,Wind,16.33,57.138,6.26,12.615,Ember Yearly Electricity Data,2026-10-09
Denmark,DNK,2020,Hydro,0.02,0.07,0.01,0.0,Ember Yearly Electricity Data,2026-10-09
Denmark,DNK,2020,Bioenergy,5.92,20.714,1.91,216.216,Ember Yearly Electricity Data,2026-10-09
Denmark,DNK,2020,Renewables,23.45,82.05,9.66,65.8,Ember Yearly Electricity Data,2026-10-09
Denmark,DNK,2020,Fossil,5.13,17.95,2.97,750.292,Ember Yearly Electricity Data,2026-10-09
Denmark,DNK,2020,Total generation,28.58,100.0,12.629999999999999,188.663,Ember Yearly Electricity Data,2026-10-09
Denmark,DNK,2021,Solar,1.31,3.979,1.7,47.328,Ember Yearly Electricity Data,2026-10-09
Denmark,DNK,2021,Wind,16.05,48.755,7.0,12.71,Ember Yearly Electricity Data,2026-10-09
Denmark,DNK,2021,Hydro,0.02,0.061,0.01,0.0,Ember Yearly Electricity Data,2026-10-09
Denmark,DNK,2021,Bioenergy,8.72,26.488,1.98,216.17,Ember Yearly Electricity Data,2026-10-09
Denmark,DNK,2021,Renewables,26.1,79.283,10.870000000000001,82.452,Ember Yearly Electricity Data,2026-10-09
Denmark,DNK,2021,Fossil,6.82,20.717,2.93,761.144,Ember Yearly Electricity Data,2026-10-09
Denmark,DNK,2021,Total generation,32.92,100.0,13.8,223.056,Ember Yearly Electricity Data,2026-10-09
Denmark,DNK,2022,Solar,2.38,6.769,3.07,47.479,Ember Yearly Electricity Data,2026-10-09
Denmark,DNK,2022,Wind,19.02,54.096,7.11,12.671,Ember Yearly Electricity Data,2026-10-09
Denmark,DNK,2022,Hydro,0.01,0.028,0.01,0.0,Ember Yearly Electricity Data,2026-10-09
Denmark,DNK,2022,Bioenergy,7.02,19.966,1.83,216.239,Ember Yearly Electricity Data,2026-10-09
Denmark,DNK,2022,Renewables,28.43,80.859,12.2,65.846,Ember Yearly Electricity Data,2026-10-09
Denmark,DNK,2022,Fossil,6.73,19.141,2.93,786.627,Ember Yearly Electricity Data,2026-10-09
Denmark,DNK,2022,Total generation,35.16,100.0,15.129999999999999,203.84,Ember Yearly Electricity Data,2026-10-09
Denmark,DNK,2023,Solar,3.66,10.8,3.53,47.541,Ember Yearly Electricity Data,2026-10-09
Denmark,DNK,2023,Wind,19.39,57.215,7.29,12.687,Ember Yearly Electricity Data,2026-10-09
Denmark,DNK,2023,Hydro,0.02,0.059,0.01,0.0,Ember Yearly Electricity Data,2026-10-09
Denmark,DNK,2023,Bioenergy,6.21,18.324,1.79,216.264,Ember Yearly Electricity Data,2026-10-09
Denmark,DNK,2023,Renewables,29.28,86.397,12.8,60.212,Ember Yearly Electricity Data,2026-10-09
Denmark,DNK,2023,Fossil,4.61,13.603,2.93,739.696,Ember Yearly Electricity Data,2026-10-09
Denmark,DNK,2023,Total generation,33.89,100.0,15.73,152.611,Ember Yearly Electricity Data,2026-10-09
Denmark,DNK,2024,Solar,3.78,10.739,3.94,47.619,Ember Yearly Electricity Data,2026-10-09
Denmark,DNK,2024,Wind,20.548,58.378,7.51,12.702,Ember Yearly Electricity Data,2026-10-09
Denmark,DNK,2024,Hydro,0.02,0.057,0.01,0.0,Ember Yearly Electricity Data,2026-10-09
Denmark,DNK,2024,Bioenergy,7.06,20.058,1.79,216.147,Ember Yearly Electricity Data,2026-10-09
Denmark,DNK,2024,Renewables,31.408,89.233,13.43,62.627,Ember Yearly Electricity Data,2026-10-09
Denmark,DNK,2024,Fossil,3.79,10.768,2.14,708.179,Ember Yearly Electricity Data,2026-10-09
Denmark,DNK,2024,Total generation,35.198,100.0,15.57,132.167,Ember Yearly Electricity Data,2026-10-09
Denmark,DNK,2025,Solar,4.563,13.238,5.05,47.556,Ember Yearly Electricity Data,2026-10-09
Denmark,DNK,2025,Wind,20.273,58.815,7.55,12.726,Ember Yearly Electricity Data,2026-10-09
Denmark,DNK,2025,Hydro,0.02,0.058,0.01,0.0,Ember Yearly Electricity Data,2026-10-09
Denmark,DNK,2025,Bioenergy,7.611,22.08,1.79,216.266,Ember Yearly Electricity Data,2026-10-09
Denmark,DNK,2025,Renewables,32.467,94.191,14.57,65.328,Ember Yearly Electricity Data,2026-10-09
Denmark,DNK,2025,Fossil,2.002,5.808,2.14,660.839,Ember Yearly Electricity Data,2026-10-09
Denmark,DNK,2025,Total generation,34.469,99.999,16.71,99.887,Ember Yearly Electricity Data,2026-10-09
Ghana,GHA,2000,Solar,0.0,0.0,0.0,,Ember Yearly Electricity Data,2026-10-09
Ghana,GHA,2000,Wind,0.0,0.0,0.0,,Ember Yearly Electricity Data,2026-10-09
Ghana,GHA,2000,Hydro,6.54,91.213,1.07,23.7,Ember Yearly Electricity Data,2026-10-09
Ghana,GHA,2000,Bioenergy,0.01,0.139,0.01,200.0,Ember Yearly Electricity Data,2026-10-09
Ghana,GHA,2000,Renewables,6.55,91.353,1.08,24.122,Ember Yearly Electricity Data,2026-10-09
Ghana,GHA,2000,Fossil,0.62,8.647,0.9099999999999999,658.065,Ember Yearly Electricity Data,2026-10-09
Ghana,GHA,2000,Total generation,7.17,100.0,1.9900000000000002,78.94,Ember Yearly Electricity Data,2026-10-09
Ghana,GHA,2001,Solar,0.0,0.0,0.0,,Ember Yearly Electricity Data,2026-10-09
Ghana,GHA,2001,Wind,0.0,0.0,0.0,,Ember Yearly Electricity Data,2026-10-09
Ghana,GHA,2001,Hydro,6.54,83.739,1.07,23.7,Ember Yearly Electricity Data,2026-10-09
Ghana,GHA,2001,Bioenergy,0.01,0.128,0.01,200.0,Ember Yearly Electricity Data,2026-10-09
Ghana,GHA,2001,Renewables,6.55,83.867,1.08,24.122,Ember Yearly Electricity Data,2026-10-09
Ghana,GHA,2001,Fossil,1.26,16.133,0.9099999999999999,657.937,Ember Yearly Electricity Data,2026-10-09
Ghana,GHA,2001,Total generation,7.81,100.0,1.9900000000000002,126.376,Ember Yearly Electricity Data,2026-10-09
Ghana,GHA,2002,Solar,0.0,0.0,0.0,,Ember Yearly Electricity Data,2026-10-09
Ghana,GHA,2002,Wind,0.0,0.0,0.0,,Ember Yearly Electricity Data,2026-10-09
Ghana,GHA,2002,Hydro,4.99,68.638,1.07,23.848,Ember Yearly Electricity Data,2026-10-09
Ghana,GHA,2002,Bioenergy,0.01,0.138,0.01,200.0,Ember Yearly Electricity Data,2026-10-09
Ghana,GHA,2002,Renewables,5.0,68.776,1.08,24.2,Ember Yearly Electricity Data,2026-10-09
Ghana,GHA,2002,Fossil,2.27,31.224,0.9099999999999999,658.15,Ember Yearly Electricity Data,2026-10-09
Ghana,GHA,2002,Total generation,7.27,100.0,1.9900000000000002,222.008,Ember Yearly Electricity Data,2026-10-09
Ghana,GHA,2003,Solar,0.0,0.0,0.0,,Ember Yearly Electricity Data,2026-10-09
Ghana,GHA,2003,Wind,0.0,0.0,0.0,,Ember Yearly Electricity Data,2026-10-09
Ghana,GHA,2003,Hydro,3.85,65.476,1.07,23.636,Ember Yearly Electricity Data,2026-10-09
Ghana,GHA,2003,Bioenergy,0.01,0.17,0.01,200.0,Ember Yearly Electricity Data,2026-10-09
Ghana,GHA,2003,Renewables,3.86,65.646,1.08,24.352,Ember Yearly Electricity Data,2026-10-09
Ghana,GHA,2003,Fossil,2.02,34.354,0.9099999999999999,657.921,Ember Yearly Electricity Data,2026-10-09
Ghana,GHA,2003,Total generation,5.88,100.0,1.9900000000000002,242.007,Ember Yearly Electricity Data,2026-10-09
Ghana,GHA,2004,Solar,0.0,0.0,0.0,,Ember Yearly Electricity Data,2026-10-09
Ghana,GHA,2004,Wind,0.0,0.0,0.0,,Ember Yearly Electricity Data,2026-10-09
Ghana,GHA,2004,Hydro,5.23,87.167,1.18,23.709,Ember Yearly Electricity Data,2026-10-09
Ghana,GHA,2004,Bioenergy,0.01,0.167,0.01,200.0,Ember Yearly Electricity Data,2026-10-09
Ghana,GHA,2004,Renewables,5.24,87.333,1.19,24.046,Ember Yearly Electricity Data,2026-10-09
Ghana,GHA,2004,Fossil,0.76,12.667,0.8800000000000001,657.895,Ember Yearly Electricity Data,2026-10-09
Ghana,GHA,2004,Total generation,6.0,100.0,2.0700000000000003,104.5,Ember Yearly Electricity Data,2026-10-09
Ghana,GHA,2005,Solar,0.0,0.0,0.0,,Ember Yearly Electricity Data,2026-10-09
Ghana,GHA,2005,Wind,0.0,0.0,0.0,,Ember Yearly Electricity Data,2026-10-09
Ghana,GHA,2005,Hydro,5.57,82.641,1.18,23.698,Ember Yearly Electricity Data,2026-10-09
Ghana,GHA,2005,Bioenergy,0.01,0.148,0.01,200.0,Ember Yearly Electricity Data,2026-10-09
Ghana,GHA,2005,Renewables,5.58,82.789,1.19,24.194,Ember Yearly Electricity Data,2026-10-09
Ghana,GHA,2005,Fossil,1.16,17.211,0.8800000000000001,657.759,Ember Yearly Electricity Data,2026-10-09
Ghana,GHA,2005,Total generation,6.74,100.0,2.0700000000000003,133.234,Ember Yearly Electricity Data,2026-10-09
Ghana,GHA,2006,Solar,0.0,0.0,0.0,,Ember Yearly Electricity Data,2026-10-09
Ghana,GHA,2006,Wind,0.0,0.0,0.0,,Ember Yearly Electricity Data,2026-10-09
Ghana,GHA,2006,Hydro,5.56,66.269,1.18,23.741,Ember Yearly Electricity Data,2026-10-09
Ghana,GHA,2006,Bioenergy,0.01,0.119,0.0,200.0,Ember Yearly Electricity Data,2026-10-09
Ghana,GHA,2006,Renewables,5.57,66.389,1.18,24.057,Ember Yearly Electricity Data,2026-10-09
Ghana,GHA,2006,Fossil,2.82,33.611,0.8800000000000001,658.156,Ember Yearly Electricity Data,2026-10-09
Ghana,GHA,2006,Total generation,8.39,100.0,2.06,237.187,Ember Yearly Electricity Data,2026-10-09
Ghana,GHA,2007,Solar,0.0,0.0,0.0,,Ember Yearly Electricity Data,2026-10-09
Ghana,GHA,2007,Wind,0.0,0.0,0.0,,Ember Yearly Electricity Data,2026-10-09
Ghana,GHA,2007,Hydro,3.69,53.017,1.18,23.848,Ember Yearly Electricity Data,2026-10-09
Ghana,GHA,2007,Bioenergy,0.01,0.144,0.0,200.0,Ember Yearly Electricity Data,2026-10-09
Ghana,GHA,2007,Renewables,3.7,53.161,1.18,24.324,Ember Yearly Electricity Data,2026-10-09
Ghana,GHA,2007,Fossil,3.26,46.839,1.08,657.975,Ember Yearly Electricity Data,2026-10-09
Ghana,GHA,2007,Total generation,6.96,100.0,2.26,321.121,Ember Yearly Electricity Data,2026-10-09
Ghana,GHA,2008,Solar,0.0,0.0,0.0,,Ember Yearly Electricity Data,2026-10-09
Ghana,GHA,2008,Wind,0.0,0.0,0.0,,Ember Yearly Electricity Data,2026-10-09
Ghana,GHA,2008,Hydro,6.13,73.678,1.18,23.817,Ember Yearly Electricity Data,2026-10-09
Ghana,GHA,2008,Bioenergy,0.02,0.24,0.01,200.0,Ember Yearly Electricity Data,2026-10-09
Ghana,GHA,2008,Renewables,6.15,73.918,1.19,24.39,Ember Yearly Electricity Data,2026-10-09
Ghana,GHA,2008,Fossil,2.17,26.082,1.24,658.065,Ember Yearly Electricity Data,2026-10-09
Ghana,GHA,2008,Total generation,8.32,100.0,2.4299999999999997,189.663,Ember Yearly Electricity Data,2026-10-09
Ghana,GHA,2009,Solar,0.0,0.0,0.0,,Ember Yearly Electricity Data,2026-10-09
Ghana,GHA,2009,Wind,0.0,0.0,0.0,,Ember Yearly Electricity Data,2026-10-09
Ghana,GHA,2009,Hydro,6.81,76.174,1.18,23.789,Ember Yearly Electricity Data,2026-10-09
Ghana,GHA,2009,Bioenergy,0.02,0.224,0.01,200.0,Ember Yearly Electricity Data,2026-10-09
Ghana,GHA,2009,Renewables,6.83,76.398,1.19,24.305,Ember Yearly Electricity Data,2026-10-09
Ghana,GHA,2009,Fossil,2.11,23.602,1.23,658.768,Ember Yearly Electricity Data,2026-10-09
Ghana,GHA,2009,Total generation,8.94,100.0,2.42,174.049,Ember Yearly Electricity Data,2026-10-09
Ghana,GHA,2010,Solar,0.0,0.0,0.0,,Ember Yearly Electricity Data,2026-10-09
Ghana,GHA,2010,Wind,0.0,0.0,0.0,,Ember Yearly Electricity Data,2026-10-09
Ghana,GHA,2010,Hydro,6.93,68.478,1.18,23.81,Ember Yearly Electricity Data,2026-10-09
Ghana,GHA,2010,Bioenergy,0.02,0.198,0.01,200.0,Ember Yearly Electricity Data,2026-10-09
Ghana,GHA,2010,Renewables,6.95,68.676,1.19,24.317,Ember Yearly Electricity Data,2026-10-09
Ghana,GHA,2010,Fossil,3.17,31.324,0.91,684.858,Ember Yearly Electricity Data,2026-10-09
Ghana,GHA,2010,Total generation,10.12,100.0,2.1,231.225,Ember Yearly Electricity Data,2026-10-09
Ghana,GHA,2011,Solar,0.0,0.0,0.0,,Ember Yearly Electricity Data,2026-10-09
Ghana,GHA,2011,Wind,0.0,0.0,0.0,,Ember Yearly Electricity Data,2026-10-09
Ghana,GHA,2011,Hydro,7.49,66.225,1.18,23.765,Ember Yearly Electricity Data,2026-10-09
Ghana,GHA,2011,Bioenergy,0.02,0.177,0.01,200.0,Ember Yearly Electricity Data,2026-10-09
Ghana,GHA,2011,Renewables,7.51,66.401,1.19,24.234,Ember Yearly Electricity Data,2026-10-09
Ghana,GHA,2011,Fossil,3.8,33.599,0.85,707.632,Ember Yearly Electricity Data,2026-10-09
Ghana,GHA,2011,Total generation,11.31,100.0,2.04,253.935,Ember Yearly Electricity Data,2026-10-09
Ghana,GHA,2012,Solar,0.0,0.0,0.0,,Ember Yearly Electricity Data,2026-10-09
Ghana,GHA,2012,Wind,0.0,0.0,0.0,,Ember Yearly Electricity Data,2026-10-09
Ghana,GHA,2012,Hydro,7.99,65.761,1.18,23.78,Ember Yearly Electricity Data,2026-10-09
Ghana,GHA,2012,Bioenergy,0.02,0.165,0.01,200.0,Ember Yearly Electricity Data,2026-10-09
Ghana,GHA,2012,Renewables,8.01,65.926,1.19,24.22,Ember Yearly Electricity Data,2026-10-09
Ghana,GHA,2012,Fossil,4.14,34.074,1.02,690.338,Ember Yearly Electricity Data,2026-10-09
Ghana,GHA,2012,Total generation,12.15,100.0,2.21,251.193,Ember Yearly Electricity Data,2026-10-09
Ghana,GHA,2013,Solar,0.0,0.0,0.0,,Ember Yearly Electricity Data,2026-10-09
Ghana,GHA,2013,Wind,0.0,0.0,0.0,,Ember Yearly Electricity Data,2026-10-09
Ghana,GHA,2013,Hydro,8.15,62.741,1.58,23.804,Ember Yearly Electricity Data,2026-10-09
Ghana,GHA,2013,Bioenergy,0.02,0.154,0.01,200.0,Ember Yearly Electricity Data,2026-10-09
Ghana,GHA,2013,Renewables,8.17,62.895,1.59,24.235,Ember Yearly Electricity Data,2026-10-09
Ghana,GHA,2013,Fossil,4.82,37.105,1.28,678.008,Ember Yearly Electricity Data,2026-10-09
Ghana,GHA,2013,Total generation,12.99,100.0,2.8699999999999997,266.821,Ember Yearly Electricity Data,2026-10-09
Ghana,GHA,2014,Solar,0.0,0.0,0.01,,Ember Yearly Electricity Data,2026-10-09
Ghana,GHA,2014,Wind,0.0,0.0,0.0,,Ember Yearly Electricity Data,2026-10-09
Ghana,GHA,2014,Hydro,8.3,63.456,1.58,23.735,Ember Yearly Electricity Data,2026-10-09
Ghana,GHA,2014,Bioenergy,0.02,0.153,0.01,200.0,Ember Yearly Electricity Data,2026-10-09
Ghana,GHA,2014,Renewables,8.32,63.609,1.6,24.279,Ember Yearly Electricity Data,2026-10-09
Ghana,GHA,2014,Fossil,4.76,36.391,1.3900000000000001,696.429,Ember Yearly Electricity Data,2026-10-09
Ghana,GHA,2014,Total generation,13.08,100.0,2.9899999999999998,268.807,Ember Yearly Electricity Data,2026-10-09
Ghana,GHA,2015,Solar,0.0,0.0,0.03,,Ember Yearly Electricity Data,2026-10-09
Ghana,GHA,2015,Wind,0.0,0.0,0.0,,Ember Yearly Electricity Data,2026-10-09
Ghana,GHA,2015,Hydro,5.79,49.742,1.58,23.834,Ember Yearly Electricity Data,2026-10-09
Ghana,GHA,2015,Bioenergy,0.02,0.172,0.01,200.0,Ember Yearly Electricity Data,2026-10-09
Ghana,GHA,2015,Renewables,5.81,49.914,1.62,24.441,Ember Yearly Electricity Data,2026-10-09
Ghana,GHA,2015,Fossil,5.83,50.086,1.65,712.521,Ember Yearly Electricity Data,2026-10-09
Ghana,GHA,2015,Total generation,11.64,100.0,3.27,369.072,Ember Yearly Electricity Data,2026-10-09
Ghana,GHA,2016,Solar,0.03,0.228,0.04,33.333,Ember Yearly Electricity Data,2026-10-09
Ghana,GHA,2016,Wind,0.0,0.0,0.0,,Ember Yearly Electricity Data,2026-10-09
Ghana,GHA,2016,Hydro,5.51,41.838,1.58,23.775,Ember Yearly Electricity Data,2026-10-09
Ghana,GHA,2016,Bioenergy,0.02,0.152,0.01,200.0,Ember Yearly Electricity Data,2026-10-09
Ghana,GHA,2016,Renewables,5.56,42.217,1.6300000000000001,24.64,Ember Yearly Electricity Data,2026-10-09
Ghana,GHA,2016,Fossil,7.61,57.783,2.26,692.378,Ember Yearly Electricity Data,2026-10-09
Ghana,GHA,2016,Total generation,13.17,100.0,3.8899999999999997,410.478,Ember Yearly Electricity Data,2026-10-09
Ghana,GHA,2017,Solar,0.03,0.226,0.04,33.333,Ember Yearly Electricity Data,2026-10-09
Ghana,GHA,2017,Wind,0.0,0.0,0.0,,Ember Yearly Electricity Data,2026-10-09
Ghana,GHA,2017,Hydro,5.62,42.256,1.58,23.843,Ember Yearly Electricity Data,2026-10-09
Ghana,GHA,2017,Bioenergy,0.02,0.15,0.01,200.0,Ember Yearly Electricity Data,2026-10-09
Ghana,GHA,2017,Renewables,5.67,42.632,1.6300000000000001,24.515,Ember Yearly Electricity Data,2026-10-09
Ghana,GHA,2017,Fossil,7.63,57.368,3.27,692.136,Ember Yearly Electricity Data,2026-10-09
Ghana,GHA,2017,Total generation,13.3,100.0,4.8999999999999995,407.594,Ember Yearly Electricity Data,2026-10-09
Ghana,GHA,2018,Solar,0.03,0.201,0.07,33.333,Ember Yearly Electricity Data,2026-10-09
Ghana,GHA,2018,Wind,0.0,0.0,0.0,,Ember Yearly Electricity Data,2026-10-09
Ghana,GHA,2018,Hydro,6.02,40.376,1.58,23.754,Ember Yearly Electricity Data,2026-10-09
Ghana,GHA,2018,Bioenergy,0.02,0.134,0.01,200.0,Ember Yearly Electricity Data,2026-10-09
Ghana,GHA,2018,Renewables,6.07,40.711,1.6600000000000001,24.547,Ember Yearly Electricity Data,2026-10-09
Ghana,GHA,2018,Fossil,8.84,59.289,3.29,695.928,Ember Yearly Electricity Data,2026-10-09
Ghana,GHA,2018,Total generation,14.91,100.0,4.95,422.535,Ember Yearly Electricity Data,2026-10-09
Ghana,GHA,2019,Solar,0.05,0.289,0.08,40.0,Ember Yearly Electricity Data,2026-10-09
Ghana,GHA,2019,Wind,0.0,0.0,0.0,,Ember Yearly Electricity Data,2026-10-09
Ghana,GHA,2019,Hydro,7.25,41.908,1.58,23.724,Ember Yearly Electricity Data,2026-10-09
Ghana,GHA,2019,Bioenergy,0.02,0.116,0.01,200.0,Ember Yearly Electricity Data,2026-10-09
Ghana,GHA,2019,Renewables,7.32,42.312,1.6700000000000002,24.454,Ember Yearly Electricity Data,2026-10-09
Ghana,GHA,2019,Fossil,9.98,57.688,3.7399999999999998,705.11,Ember Yearly Electricity Data,2026-10-09
Ghana,GHA,2019,Total generation,17.3,100.0,5.409999999999999,417.11,Ember Yearly Electricity Data,2026-10-09
Ghana,GHA,2020,Solar,0.06,0.304,0.11,50.0,Ember Yearly Electricity Data,2026-10-09
Ghana,GHA,2020,Wind,0.0,0.0,0.0,,Ember Yearly Electricity Data,2026-10-09
Ghana,GHA,2020,Hydro,7.29,36.949,1.58,23.731,Ember Yearly Electricity Data,2026-10-09
Ghana,GHA,2020,Bioenergy,0.02,0.101,0.01,200.0,Ember Yearly Electricity Data,2026-10-09
Ghana,GHA,2020,Renewables,7.37,37.354,1.7000000000000002,24.423,Ember Yearly Electricity Data,2026-10-09
Ghana,GHA,2020,Fossil,12.36,62.646,3.27,719.337,Ember Yearly Electricity Data,2026-10-09
Ghana,GHA,2020,Total generation,19.73,100.0,4.97,459.757,Ember Yearly Electricity Data,2026-10-09
Ghana,GHA,2021,Solar,0.13,0.589,0.16,46.154,Ember Yearly Electricity Data,2026-10-09
Ghana,GHA,2021,Wind,0.0,0.0,0.0,,Ember Yearly Electricity Data,2026-10-09
Ghana,GHA,2021,Hydro,7.53,34.103,1.58,23.772,Ember Yearly Electricity Data,2026-10-09
Ghana,GHA,2021,Bioenergy,0.02,0.091,0.01,200.0,Ember Yearly Electricity Data,2026-10-09
Ghana,GHA,2021,Renewables,7.68,34.783,1.75,24.609,Ember Yearly Electricity Data,2026-10-09
Ghana,GHA,2021,Fossil,14.4,65.217,3.47,720.694,Ember Yearly Electricity Data,2026-10-09
Ghana,GHA,2021,Total generation,22.08,100.0,5.220000000000001,478.578,Ember Yearly Electricity Data,2026-10-09
Ghana,GHA,2022,Solar,0.16,0.689,0.17,50.0,Ember Yearly Electricity Data,2026-10-09
Ghana,GHA,2022,Wind,0.0,0.0,0.0,,Ember Yearly Electricity Data,2026-10-09
Ghana,GHA,2022,Hydro,8.19,35.271,1.58,23.81,Ember Yearly Electricity Data,2026-10-09
Ghana,GHA,2022,Bioenergy,0.02,0.086,0.01,200.0,Ember Yearly Electricity Data,2026-10-09
Ghana,GHA,2022,Renewables,8.37,36.047,1.76,24.731,Ember Yearly Electricity Data,2026-10-09
Ghana,GHA,2022,Fossil,14.85,63.953,3.43,720.673,Ember Yearly Electricity Data,2026-10-09
Ghana,GHA,2022,Total generation,23.22,100.0,5.19,469.767,Ember Yearly Electricity Data,2026-10-09
Ghana,GHA,2023,Solar,0.15,0.617,0.19,46.667,Ember Yearly Electricity Data,2026-10-09
Ghana,GHA,2023,Wind,0.0,0.0,0.0,,Ember Yearly Electricity Data,2026-10-09
Ghana,GHA,2023,Hydro,9.19,37.819,1.58,23.721,Ember Yearly Electricity Data,2026-10-09
Ghana,GHA,2023,Bioenergy,0.02,0.082,0.01,200.0,Ember Yearly Electricity Data,2026-10-09
Ghana,GHA,2023,Renewables,9.36,38.519,1.78,24.573,Ember Yearly Electricity Data,2026-10-09
Ghana,GHA,2023,Fossil,14.94,61.481,3.43,721.017,Ember Yearly Electricity Data,2026-10-09
Ghana,GHA,2023,Total generation,24.3,100.0,5.210000000000001,452.716,Ember Yearly Electricity Data,2026-10-09
Ghana,GHA,2024,Solar,0.17,0.7,0.19,47.059,Ember Yearly Electricity Data,2026-10-09
Ghana,GHA,2024,Wind,0.0,0.0,0.0,,Ember Yearly Electricity Data,2026-10-09
Ghana,GHA,2024,Hydro,8.6,35.435,1.58,23.721,Ember Yearly Electricity Data,2026-10-09
Ghana,GHA,2024,Bioenergy,0.02,0.082,0.01,200.0,Ember Yearly Electricity Data,2026-10-09
Ghana,GHA,2024,Renewables,8.79,36.218,1.78,24.687,Ember Yearly Electricity Data,2026-10-09
Ghana,GHA,2024,Fossil,15.48,63.782,3.43,720.995,Ember Yearly Electricity Data,2026-10-09
Ghana,GHA,2024,Total generation,24.27,100.0,5.210000000000001,468.809,Ember Yearly Electricity Data,2026-10-09
Kenya,KEN,2000,Solar,0.0,0.0,0.0,,Ember Yearly Electricity Data,2026-10-09
Kenya,KEN,2000,Wind,0.0,0.0,0.0,,Ember Yearly Electricity Data,2026-10-09
Kenya,KEN,2000,Hydro,1.31,30.394,0.68,23.664,Ember Yearly Electricity Data,2026-10-09
Kenya,KEN,2000,Bioenergy,0.0,0.0,0.03,,Ember Yearly Electricity Data,2026-10-09
Kenya,KEN,2000,Renewables,1.74,40.371,0.7100000000000001,27.011,Ember Yearly Electricity Data,2026-10-09
Kenya,KEN,2000,Fossil,2.57,59.629,0.13,657.977,Ember Yearly Electricity Data,2026-10-09
Kenya,KEN,2000,Total generation,4.31,100.0,0.8400000000000001,403.248,Ember Yearly Electricity Data,2026-10-09
Kenya,KEN,2001,Solar,0.0,0.0,0.0,,Ember Yearly Electricity Data,2026-10-09
Kenya,KEN,2001,Wind,0.0,0.0,0.0,,Ember Yearly Electricity Data,2026-10-09
Kenya,KEN,2001,Hydro,2.38,49.48,0.68,23.95,Ember Yearly Electricity Data,2026-10-09
Kenya,KEN,2001,Bioenergy,0.0,0.0,0.03,,Ember Yearly Electricity Data,2026-10-09
Kenya,KEN,2001,Renewables,2.86,59.459,0.7100000000000001,26.224,Ember Yearly Electricity Data,2026-10-09
Kenya,KEN,2001,Fossil,1.95,40.541,0.21,657.949,Ember Yearly Electricity Data,2026-10-09
Kenya,KEN,2001,Total generation,4.81,100.0,0.92,282.328,Ember Yearly Electricity Data,2026-10-09
Kenya,KEN,2002,Solar,0.0,0.0,0.0,,Ember Yearly Electricity Data,2026-10-09
Kenya,KEN,2002,Wind,0.0,0.0,0.0,,Ember Yearly Electricity Data,2026-10-09
Kenya,KEN,2002,Hydro,3.09,60.0,0.68,23.625,Ember Yearly Electricity Data,2026-10-09
Kenya,KEN,2002,Bioenergy,0.47,9.126,0.04,217.021,Ember Yearly Electricity Data,2026-10-09
Kenya,KEN,2002,Renewables,3.95,76.699,0.7200000000000001,48.101,Ember Yearly Electricity Data,2026-10-09
Kenya,KEN,2002,Fossil,1.2,23.301,0.21,658.333,Ember Yearly Electricity Data,2026-10-09
Kenya,KEN,2002,Total generation,5.15,100.0,0.93,190.097,Ember Yearly Electricity Data,2026-10-09
Kenya,KEN,2003,Solar,0.0,0.0,0.0,,Ember Yearly Electricity Data,2026-10-09
Kenya,KEN,2003,Wind,0.0,0.0,0.0,,Ember Yearly Electricity Data,2026-10-09
Kenya,KEN,2003,Hydro,3.23,58.942,0.68,23.839,Ember Yearly Electricity Data,2026-10-09
Kenya,KEN,2003,Bioenergy,0.47,8.577,0.04,217.021,Ember Yearly Electricity Data,2026-10-09
Kenya,KEN,2003,Renewables,4.49,81.934,0.7200000000000001,46.325,Ember Yearly Electricity Data,2026-10-09
Kenya,KEN,2003,Fossil,0.99,18.066,0.21,657.576,Ember Yearly Electricity Data,2026-10-09
Kenya,KEN,2003,Total generation,5.48,100.0,0.93,156.752,Ember Yearly Electricity Data,2026-10-09
Kenya,KEN,2004,Solar,0.0,0.0,0.0,,Ember Yearly Electricity Data,2026-10-09
Kenya,KEN,2004,Wind,0.0,0.0,0.0,,Ember Yearly Electricity Data,2026-10-09
Kenya,KEN,2004,Hydro,2.84,46.104,0.68,23.592,Ember Yearly Electricity Data,2026-10-09
Kenya,KEN,2004,Bioenergy,0.47,7.63,0.04,217.021,Ember Yearly Electricity Data,2026-10-09
Kenya,KEN,2004,Renewables,4.34,70.455,0.7200000000000001,47.926,Ember Yearly Electricity Data,2026-10-09
Kenya,KEN,2004,Fossil,1.82,29.545,0.26,658.242,Ember Yearly Electricity Data,2026-10-09
Kenya,KEN,2004,Total generation,6.16,100.0,0.9800000000000001,228.084,Ember Yearly Electricity Data,2026-10-09
Kenya,KEN,2005,Solar,0.0,0.0,0.0,,Ember Yearly Electricity Data,2026-10-09
Kenya,KEN,2005,Wind,0.0,0.0,0.0,,Ember Yearly Electricity Data,2026-10-09
Kenya,KEN,2005,Hydro,3.0,44.776,0.69,23.667,Ember Yearly Electricity Data,2026-10-09
Kenya,KEN,2005,Bioenergy,0.47,7.015,0.04,217.021,Ember Yearly Electricity Data,2026-10-09
Kenya,KEN,2005,Renewables,4.47,66.716,0.73,47.204,Ember Yearly Electricity Data,2026-10-09
Kenya,KEN,2005,Fossil,2.23,33.284,0.26,657.848,Ember Yearly Electricity Data,2026-10-09
Kenya,KEN,2005,Total generation,6.7,100.0,0.99,250.448,Ember Yearly Electricity Data,2026-10-09
Kenya,KEN,2006,Solar,0.0,0.0,0.0,,Ember Yearly Electricity Data,2026-10-09
Kenya,KEN,2006,Wind,0.0,0.0,0.0,,Ember Yearly Electricity Data,2026-10-09
Kenya,KEN,2006,Hydro,3.24,43.142,0.69,23.765,Ember Yearly Electricity Data,2026-10-09
Kenya,KEN,2006,Bioenergy,0.47,6.258,0.04,217.021,Ember Yearly Electricity Data,2026-10-09
Kenya,KEN,2006,Renewables,4.72,62.85,0.73,45.975,Ember Yearly Electricity Data,2026-10-09
Kenya,KEN,2006,Fossil,2.79,37.15,0.26,658.065,Ember Yearly Electricity Data,2026-10-09
Kenya,KEN,2006,Total generation,7.51,100.0,0.99,273.236,Ember Yearly Electricity Data,2026-10-09
Kenya,KEN,2007,Solar,0.0,0.0,0.0,,Ember Yearly Electricity Data,2026-10-09
Kenya,KEN,2007,Wind,0.0,0.0,0.0,,Ember Yearly Electricity Data,2026-10-09
Kenya,KEN,2007,Hydro,3.45,51.724,0.69,23.768,Ember Yearly Electricity Data,2026-10-09
Kenya,KEN,2007,Bioenergy,0.47,7.046,0.04,217.021,Ember Yearly Electricity Data,2026-10-09
Kenya,KEN,2007,Renewables,4.94,74.063,0.73,44.939,Ember Yearly Electricity Data,2026-10-09
Kenya,KEN,2007,Fossil,1.73,25.937,0.26,657.803,Ember Yearly Electricity Data,2026-10-09
Kenya,KEN,2007,Total generation,6.67,100.0,0.99,203.898,Ember Yearly Electricity Data,2026-10-09
Kenya,KEN,2008,Solar,0.0,0.0,0.0,,Ember Yearly Electricity Data,2026-10-09
Kenya,KEN,2008,Wind,0.0,0.0,0.0,,Ember Yearly Electricity Data,2026-10-09
Kenya,KEN,2008,Hydro,2.82,45.854,0.75,23.759,Ember Yearly Electricity Data,2026-10-09
Kenya,KEN,2008,Bioenergy,0.47,7.642,0.04,217.021,Ember Yearly Electricity Data,2026-10-09
Kenya,KEN,2008,Renewables,4.47,72.683,0.79,47.651,Ember Yearly Electricity Data,2026-10-09
Kenya,KEN,2008,Fossil,1.68,27.317,0.26,657.738,Ember Yearly Electricity Data,2026-10-09
Kenya,KEN,2008,Total generation,6.15,100.0,1.05,214.309,Ember Yearly Electricity Data,2026-10-09
Kenya,KEN,2009,Solar,0.0,0.0,0.0,,Ember Yearly Electricity Data,2026-10-09
Kenya,KEN,2009,Wind,0.01,0.153,0.0,0.0,Ember Yearly Electricity Data,2026-10-09
Kenya,KEN,2009,Hydro,2.15,32.824,0.76,23.721,Ember Yearly Electricity Data,2026-10-09
Kenya,KEN,2009,Bioenergy,0.47,7.176,0.06,217.021,Ember Yearly Electricity Data,2026-10-09
Kenya,KEN,2009,Renewables,3.97,60.611,0.8200000000000001,51.134,Ember Yearly Electricity Data,2026-10-09
Kenya,KEN,2009,Fossil,2.58,39.389,0.35,658.14,Ember Yearly Electricity Data,2026-10-09
Kenya,KEN,2009,Total generation,6.55,100.0,1.17,290.229,Ember Yearly Electricity Data,2026-10-09
Kenya,KEN,2010,Solar,0.0,0.0,0.0,,Ember Yearly Electricity Data,2026-10-09
Kenya,KEN,2010,Wind,0.02,0.279,0.01,0.0,Ember Yearly Electricity Data,2026-10-09
Kenya,KEN,2010,Hydro,3.39,47.346,0.77,23.894,Ember Yearly Electricity Data,2026-10-09
Kenya,KEN,2010,Bioenergy,0.47,6.564,0.06,217.021,Ember Yearly Electricity Data,2026-10-09
Kenya,KEN,2010,Renewables,5.33,74.441,0.8400000000000001,44.465,Ember Yearly Electricity Data,2026-10-09
Kenya,KEN,2010,Fossil,1.83,25.559,0.46,657.923,Ember Yearly Electricity Data,2026-10-09
Kenya,KEN,2010,Total generation,7.16,100.0,1.3,201.257,Ember Yearly Electricity Data,2026-10-09
Kenya,KEN,2011,Solar,0.01,0.128,0.0,0.0,Ember Yearly Electricity Data,2026-10-09
Kenya,KEN,2011,Wind,0.02,0.255,0.01,0.0,Ember Yearly Electricity Data,2026-10-09
Kenya,KEN,2011,Hydro,3.42,43.678,0.77,23.684,Ember Yearly Electricity Data,2026-10-09
Kenya,KEN,2011,Bioenergy,0.47,6.003,0.06,217.021,Ember Yearly Electricity Data,2026-10-09
Kenya,KEN,2011,Renewables,5.42,69.221,0.8400000000000001,44.28,Ember Yearly Electricity Data,2026-10-09
Kenya,KEN,2011,Fossil,2.41,30.779,0.46,658.091,Ember Yearly Electricity Data,2026-10-09
Kenya,KEN,2011,Total generation,7.83,100.0,1.3,233.206,Ember Yearly Electricity Data,2026-10-09
Kenya,KEN,2012,Solar,0.01,0.122,0.0,0.0,Ember Yearly Electricity Data,2026-10-09
Kenya,KEN,2012,Wind,0.01,0.122,0.01,0.0,Ember Yearly Electricity Data,2026-10-09
Kenya,KEN,2012,Hydro,4.26,52.142,0.82,23.709,Ember Yearly Electricity Data,2026-10-09
Kenya,KEN,2012,Bioenergy,0.47,5.753,0.06,217.021,Ember Yearly Electricity Data,2026-10-09
Kenya,KEN,2012,Renewables,6.33,77.479,0.8899999999999999,41.548,Ember Yearly Electricity Data,2026-10-09
Kenya,KEN,2012,Fossil,1.84,22.521,0.46,658.152,Ember Yearly Electricity Data,2026-10-09
Kenya,KEN,2012,Total generation,8.17,100.0,1.3499999999999999,180.416,Ember Yearly Electricity Data,2026-10-09
Kenya,KEN,2013,Solar,0.03,0.371,0.01,33.333,Ember Yearly Electricity Data,2026-10-09
Kenya,KEN,2013,Wind,0.01,0.124,0.01,0.0,Ember Yearly Electricity Data,2026-10-09
Kenya,KEN,2013,Hydro,3.91,48.391,0.83,23.785,Ember Yearly Electricity Data,2026-10-09
Kenya,KEN,2013,Bioenergy,0.47,5.817,0.06,217.021,Ember Yearly Electricity Data,2026-10-09
Kenya,KEN,2013,Renewables,6.33,78.342,0.9099999999999999,42.338,Ember Yearly Electricity Data,2026-10-09
Kenya,KEN,2013,Fossil,1.75,21.658,0.55,658.286,Ember Yearly Electricity Data,2026-10-09
Kenya,KEN,2013,Total generation,8.08,100.0,1.46,175.619,Ember Yearly Electricity Data,2026-10-09
Kenya,KEN,2014,Solar,0.05,0.543,0.01,40.0,Ember Yearly Electricity Data,2026-10-09
Kenya,KEN,2014,Wind,0.02,0.217,0.01,0.0,Ember Yearly Electricity Data,2026-10-09
Kenya,KEN,2014,Hydro,3.28,35.652,0.83,23.78,Ember Yearly Electricity Data,2026-10-09
Kenya,KEN,2014,Bioenergy,0.47,5.109,0.06,217.021,Ember Yearly Electricity Data,2026-10-09
Kenya,KEN,2014,Renewables,7.03,76.413,0.9099999999999999,43.101,Ember Yearly Electricity Data,2026-10-09
Kenya,KEN,2014,Fossil,2.17,23.587,0.63,658.065,Ember Yearly Electricity Data,2026-10-09
Kenya,KEN,2014,Total generation,9.2,100.0,1.54,188.152,Ember Yearly Electricity Data,2026-10-09
Kenya,KEN,2015,Solar,0.05,0.51,0.03,40.0,Ember Yearly Electricity Data,2026-10-09
Kenya,KEN,2015,Wind,0.06,0.612,0.03,16.667,Ember Yearly Electricity Data,2026-10-09
Kenya,KEN,2015,Hydro,3.75,38.226,0.83,23.733,Ember Yearly Electricity Data,2026-10-09
Kenya,KEN,2015,Bioenergy,0.47,4.791,0.06,217.021,Ember Yearly Electricity Data,2026-10-09
Kenya,KEN,2015,Renewables,8.81,89.806,0.95,41.09,Ember Yearly Electricity Data,2026-10-09
Kenya,KEN,2015,Fossil,1.0,10.194,0.71,658.0,Ember Yearly Electricity Data,2026-10-09
Kenya,KEN,2015,Total generation,9.81,100.0,1.66,103.976,Ember Yearly Electricity Data,2026-10-09
Kenya,KEN,2016,Solar,0.06,0.62,0.03,50.0,Ember Yearly Electricity Data,2026-10-09
Kenya,KEN,2016,Wind,0.06,0.62,0.03,16.667,Ember Yearly Electricity Data,2026-10-09
Kenya,KEN,2016,Hydro,3.31,34.194,0.83,23.867,Ember Yearly Electricity Data,2026-10-09
Kenya,KEN,2016,Bioenergy,0.52,5.372,0.08,215.385,Ember Yearly Electricity Data,2026-10-09
Kenya,KEN,2016,Renewables,8.64,89.256,0.97,42.94,Ember Yearly Electricity Data,2026-10-09
Kenya,KEN,2016,Fossil,1.04,10.744,0.71,657.692,Ember Yearly Electricity Data,2026-10-09
Kenya,KEN,2016,Total generation,9.68,100.0,1.68,108.988,Ember Yearly Electricity Data,2026-10-09
Kenya,KEN,2017,Solar,0.07,0.646,0.04,42.857,Ember Yearly Electricity Data,2026-10-09
Kenya,KEN,2017,Wind,0.06,0.554,0.03,16.667,Ember Yearly Electricity Data,2026-10-09
Kenya,KEN,2017,Hydro,3.17,29.271,0.84,23.659,Ember Yearly Electricity Data,2026-10-09
Kenya,KEN,2017,Bioenergy,0.7,6.464,0.09,215.714,Ember Yearly Electricity Data,2026-10-09
Kenya,KEN,2017,Renewables,8.76,80.886,1.0,46.804,Ember Yearly Electricity Data,2026-10-09
Kenya,KEN,2017,Fossil,2.07,19.114,0.71,657.971,Ember Yearly Electricity Data,2026-10-09
Kenya,KEN,2017,Total generation,10.83,100.0,1.71,163.62,Ember Yearly Electricity Data,2026-10-09
Kenya,KEN,2018,Solar,0.09,0.796,0.09,44.444,Ember Yearly Electricity Data,2026-10-09
Kenya,KEN,2018,Wind,0.38,3.363,0.34,10.526,Ember Yearly Electricity Data,2026-10-09
Kenya,KEN,2018,Hydro,3.99,35.31,0.85,23.81,Ember Yearly Electricity Data,2026-10-09
Kenya,KEN,2018,Bioenergy,0.16,1.416,0.09,218.75,Ember Yearly Electricity Data,2026-10-09
Kenya,KEN,2018,Renewables,9.75,86.283,1.37,33.846,Ember Yearly Electricity Data,2026-10-09
Kenya,KEN,2018,Fossil,1.55,13.717,0.71,658.065,Ember Yearly Electricity Data,2026-10-09
Kenya,KEN,2018,Total generation,11.3,100.0,2.08,119.469,Ember Yearly Electricity Data,2026-10-09
Kenya,KEN,2019,Solar,0.09,0.779,0.1,44.444,Ember Yearly Electricity Data,2026-10-09
Kenya,KEN,2019,Wind,1.56,13.495,0.34,9.615,Ember Yearly Electricity Data,2026-10-09
Kenya,KEN,2019,Hydro,3.21,27.768,0.85,23.676,Ember Yearly Electricity Data,2026-10-09
Kenya,KEN,2019,Bioenergy,0.15,1.298,0.09,213.333,Ember Yearly Electricity Data,2026-10-09
Kenya,KEN,2019,Renewables,10.25,88.668,1.3800000000000001,31.707,Ember Yearly Electricity Data,2026-10-09
Kenya,KEN,2019,Fossil,1.31,11.332,0.71,658.015,Ember Yearly Electricity Data,2026-10-09
Kenya,KEN,2019,Total generation,11.56,100.0,2.09,102.682,Ember Yearly Electricity Data,2026-10-09
Kenya,KEN,2020,Solar,0.09,0.771,0.11,44.444,Ember Yearly Electricity Data,2026-10-09
Kenya,KEN,2020,Wind,1.33,11.387,0.34,9.774,Ember Yearly Electricity Data,2026-10-09
Kenya,KEN,2020,Hydro,4.23,36.216,0.85,23.877,Ember Yearly Electricity Data,2026-10-09
Kenya,KEN,2020,Bioenergy,0.22,1.884,0.1,218.182,Ember Yearly Electricity Data,2026-10-09
Kenya,KEN,2020,Renewables,10.93,93.579,1.4000000000000001,32.571,Ember Yearly Electricity Data,2026-10-09
Kenya,KEN,2020,Fossil,0.75,6.421,0.71,658.667,Ember Yearly Electricity Data,2026-10-09
Kenya,KEN,2020,Total generation,11.68,100.0,2.11,72.688,Ember Yearly Electricity Data,2026-10-09
Kenya,KEN,2021,Solar,0.17,1.373,0.17,47.059,Ember Yearly Electricity Data,2026-10-09
Kenya,KEN,2021,Wind,1.99,16.074,0.44,9.548,Ember Yearly Electricity Data,2026-10-09
Kenya,KEN,2021,Hydro,3.67,29.645,0.86,23.706,Ember Yearly Electricity Data,2026-10-09
Kenya,KEN,2021,Bioenergy,0.25,2.019,0.1,216.0,Ember Yearly Electricity Data,2026-10-09
Kenya,KEN,2021,Renewables,11.12,89.822,1.5699999999999998,32.194,Ember Yearly Electricity Data,2026-10-09
Kenya,KEN,2021,Fossil,1.26,10.178,0.64,657.937,Ember Yearly Electricity Data,2026-10-09
Kenya,KEN,2021,Total generation,12.38,100.0,2.21,95.88,Ember Yearly Electricity Data,2026-10-09
Kenya,KEN,2022,Solar,0.42,3.241,0.27,47.619,Ember Yearly Electricity Data,2026-10-09
Kenya,KEN,2022,Wind,2.14,16.512,0.44,9.813,Ember Yearly Electricity Data,2026-10-09
Kenya,KEN,2022,Hydro,3.04,23.457,0.86,23.684,Ember Yearly Electricity Data,2026-10-09
Kenya,KEN,2022,Bioenergy,0.26,2.006,0.1,215.385,Ember Yearly Electricity Data,2026-10-09
Kenya,KEN,2022,Renewables,11.38,87.809,1.67,33.128,Ember Yearly Electricity Data,2026-10-09
Kenya,KEN,2022,Fossil,1.58,12.191,0.64,658.228,Ember Yearly Electricity Data,2026-10-09
Kenya,KEN,2022,Total generation,12.96,100.0,2.31,109.259,Ember Yearly Electricity Data,2026-10-09
Kenya,KEN,2023,Solar,0.58,4.531,0.47,48.276,Ember Yearly Electricity Data,2026-10-09
Kenya,KEN,2023,Wind,2.01,15.703,0.44,9.453,Ember Yearly Electricity Data,2026-10-09
Kenya,KEN,2023,Hydro,2.67,20.859,0.89,23.596,Ember Yearly Electricity Data,2026-10-09
Kenya,KEN,2023,Bioenergy,0.2,1.563,0.1,215.0,Ember Yearly Electricity Data,2026-10-09
Kenya,KEN,2023,Renewables,11.49,89.766,1.9,33.072,Ember Yearly Electricity Data,2026-10-09
Kenya,KEN,2023,Fossil,1.31,10.234,0.57,658.015,Ember Yearly Electricity Data,2026-10-09
Kenya,KEN,2023,Total generation,12.8,100.0,2.47,97.031,Ember Yearly Electricity Data,2026-10-09
Kenya,KEN,2024,Solar,0.66,4.977,0.55,46.97,Ember Yearly Electricity Data,2026-10-09
Kenya,KEN,2024,Wind,2.17,16.365,0.44,9.677,Ember Yearly Electricity Data,2026-10-09
Kenya,KEN,2024,Hydro,3.1,23.379,0.89,23.871,Ember Yearly Electricity Data,2026-10-09
Kenya,KEN,2024,Bioenergy,0.2,1.508,0.17,215.0,Ember Yearly Electricity Data,2026-10-09
Kenya,KEN,2024,Renewables,12.13,91.478,2.0500000000000003,32.564,Ember Yearly Electricity Data,2026-10-09
Kenya,KEN,2024,Fossil,1.13,8.522,0.57,658.407,Ember Yearly Electricity Data,2026-10-09
Kenya,KEN,2024,Total generation,13.26,100.0,2.6199999999999997,85.822,Ember Yearly Electricity Data,2026-10-09
Kenya,KEN,2025,Solar,0.673,4.791,0.55,47.548,Ember Yearly Electricity Data,2026-10-09
Kenya,KEN,2025,Wind,2.321,16.522,0.44,9.479,Ember Yearly Electricity Data,2026-10-09
Kenya,KEN,2025,Hydro,2.932,20.871,0.89,23.874,Ember Yearly Electricity Data,2026-10-09
Kenya,KEN,2025,Bioenergy,0.283,2.014,0.17,215.548,Ember Yearly Electricity Data,2026-10-09
Kenya,KEN,2025,Renewables,12.65,90.047,2.0500000000000003,33.755,Ember Yearly Electricity Data,2026-10-09
Kenya,KEN,2025,Fossil,1.398,9.951,0.57,658.083,Ember Yearly Electricity Data,2026-10-09
Kenya,KEN,2025,Total generation,14.048,99.998,2.6199999999999997,95.886,Ember Yearly Electricity Data,2026-10-09
Morocco,MAR,2000,Solar,0.0,0.0,0.01,,Ember Yearly Electricity Data,2026-10-09
Morocco,MAR,2000,Wind,0.06,0.438,0.05,16.667,Ember Yearly Electricity Data,2026-10-09
Morocco,MAR,2000,Hydro,0.71,5.182,1.17,23.944,Ember Yearly Electricity Data,2026-10-09
Morocco,MAR,2000,Bioenergy,0.0,0.0,0.0,,Ember Yearly Electricity Data,2026-10-09
Morocco,MAR,2000,Renewables,0.77,5.62,1.23,22.078,Ember Yearly Electricity Data,2026-10-09
Morocco,MAR,2000,Fossil,12.93,94.38,1.77,803.248,Ember Yearly Electricity Data,2026-10-09
Morocco,MAR,2000,Total generation,13.7,100.0,2.999999999999999,759.343,Ember Yearly Electricity Data,2026-10-09
Morocco,MAR,2001,Solar,0.0,0.0,0.01,,Ember Yearly Electricity Data,2026-10-09
Morocco,MAR,2001,Wind,0.21,1.346,0.05,9.524,Ember Yearly Electricity Data,2026-10-09
Morocco,MAR,2001,Hydro,0.86,5.513,1.17,23.256,Ember Yearly Electricity Data,2026-10-09
Morocco,MAR,2001,Bioenergy,0.0,0.0,0.0,,Ember Yearly Electricity Data,2026-10-09
Morocco,MAR,2001,Renewables,1.07,6.859,1.23,20.561,Ember Yearly Electricity Data,2026-10-09
Morocco,MAR,2001,Fossil,14.53,93.141,2.12,824.501,Ember Yearly Electricity Data,2026-10-09
Morocco,MAR,2001,Total generation,15.6,100.0,3.3499999999999996,769.359,Ember Yearly Electricity Data,2026-10-09
Morocco,MAR,2002,Solar,0.0,0.0,0.01,,Ember Yearly Electricity Data,2026-10-09
Morocco,MAR,2002,Wind,0.19,1.258,0.05,10.526,Ember Yearly Electricity Data,2026-10-09
Morocco,MAR,2002,Hydro,0.84,5.563,1.17,23.81,Ember Yearly Electricity Data,2026-10-09
Morocco,MAR,2002,Bioenergy,0.0,0.0,0.0,,Ember Yearly Electricity Data,2026-10-09
Morocco,MAR,2002,Renewables,1.03,6.821,1.23,21.359,Ember Yearly Electricity Data,2026-10-09
Morocco,MAR,2002,Fossil,14.07,93.179,2.12,820.114,Ember Yearly Electricity Data,2026-10-09
Morocco,MAR,2002,Total generation,15.1,100.0,3.3499999999999996,765.629,Ember Yearly Electricity Data,2026-10-09
Morocco,MAR,2003,Solar,0.0,0.0,0.01,,Ember Yearly Electricity Data,2026-10-09
Morocco,MAR,2003,Wind,0.2,1.224,0.05,10.0,Ember Yearly Electricity Data,2026-10-09
Morocco,MAR,2003,Hydro,1.44,8.813,1.27,23.611,Ember Yearly Electricity Data,2026-10-09
Morocco,MAR,2003,Bioenergy,0.0,0.0,0.0,,Ember Yearly Electricity Data,2026-10-09
Morocco,MAR,2003,Renewables,1.64,10.037,1.33,21.951,Ember Yearly Electricity Data,2026-10-09
Morocco,MAR,2003,Fossil,14.7,89.963,2.12,815.374,Ember Yearly Electricity Data,2026-10-09
Morocco,MAR,2003,Total generation,16.34,100.0,3.4499999999999993,735.741,Ember Yearly Electricity Data,2026-10-09
Morocco,MAR,2004,Solar,0.0,0.0,0.01,,Ember Yearly Electricity Data,2026-10-09
Morocco,MAR,2004,Wind,0.2,1.145,0.05,10.0,Ember Yearly Electricity Data,2026-10-09
Morocco,MAR,2004,Hydro,1.59,9.101,1.27,23.899,Ember Yearly Electricity Data,2026-10-09
Morocco,MAR,2004,Bioenergy,0.0,0.0,0.0,,Ember Yearly Electricity Data,2026-10-09
Morocco,MAR,2004,Renewables,1.79,10.246,1.33,22.346,Ember Yearly Electricity Data,2026-10-09
Morocco,MAR,2004,Fossil,15.68,89.754,2.12,814.158,Ember Yearly Electricity Data,2026-10-09
Morocco,MAR,2004,Total generation,17.47,100.0,3.4499999999999993,733.028,Ember Yearly Electricity Data,2026-10-09
Morocco,MAR,2005,Solar,0.0,0.0,0.01,,Ember Yearly Electricity Data,2026-10-09
Morocco,MAR,2005,Wind,0.21,1.09,0.05,9.524,Ember Yearly Electricity Data,2026-10-09
Morocco,MAR,2005,Hydro,1.43,7.425,1.27,23.776,Ember Yearly Electricity Data,2026-10-09
Morocco,MAR,2005,Bioenergy,0.0,0.0,0.0,,Ember Yearly Electricity Data,2026-10-09
Morocco,MAR,2005,Renewables,1.64,8.515,1.33,21.951,Ember Yearly Electricity Data,2026-10-09
Morocco,MAR,2005,Fossil,17.62,91.485,2.52,781.896,Ember Yearly Electricity Data,2026-10-09
Morocco,MAR,2005,Total generation,19.26,100.0,3.8499999999999996,717.186,Ember Yearly Electricity Data,2026-10-09
Morocco,MAR,2006,Solar,0.0,0.0,0.01,,Ember Yearly Electricity Data,2026-10-09
Morocco,MAR,2006,Wind,0.18,0.906,0.05,11.111,Ember Yearly Electricity Data,2026-10-09
Morocco,MAR,2006,Hydro,1.6,8.052,1.27,23.75,Ember Yearly Electricity Data,2026-10-09
Morocco,MAR,2006,Bioenergy,0.0,0.0,0.0,,Ember Yearly Electricity Data,2026-10-09
Morocco,MAR,2006,Renewables,1.78,8.958,1.33,22.472,Ember Yearly Electricity Data,2026-10-09
Morocco,MAR,2006,Fossil,18.09,91.042,2.52,775.788,Ember Yearly Electricity Data,2026-10-09
Morocco,MAR,2006,Total generation,19.87,100.0,3.8499999999999996,708.304,Ember Yearly Electricity Data,2026-10-09
Morocco,MAR,2007,Solar,0.0,0.0,0.01,,Ember Yearly Electricity Data,2026-10-09
Morocco,MAR,2007,Wind,0.28,1.422,0.11,10.714,Ember Yearly Electricity Data,2026-10-09
Morocco,MAR,2007,Hydro,1.33,6.755,1.27,24.06,Ember Yearly Electricity Data,2026-10-09
Morocco,MAR,2007,Bioenergy,0.0,0.0,0.0,,Ember Yearly Electricity Data,2026-10-09
Morocco,MAR,2007,Renewables,1.61,8.177,1.3900000000000001,21.118,Ember Yearly Electricity Data,2026-10-09
Morocco,MAR,2007,Fossil,18.08,91.823,2.52,768.418,Ember Yearly Electricity Data,2026-10-09
Morocco,MAR,2007,Total generation,19.69,100.0,3.9099999999999997,707.313,Ember Yearly Electricity Data,2026-10-09
Morocco,MAR,2008,Solar,0.0,0.0,0.01,,Ember Yearly Electricity Data,2026-10-09
Morocco,MAR,2008,Wind,0.3,1.474,0.11,10.0,Ember Yearly Electricity Data,2026-10-09
Morocco,MAR,2008,Hydro,1.37,6.732,1.27,24.088,Ember Yearly Electricity Data,2026-10-09
Morocco,MAR,2008,Bioenergy,0.0,0.0,0.0,,Ember Yearly Electricity Data,2026-10-09
Morocco,MAR,2008,Renewables,1.67,8.206,1.3900000000000001,20.958,Ember Yearly Electricity Data,2026-10-09
Morocco,MAR,2008,Fossil,18.68,91.794,2.52,756.317,Ember Yearly Electricity Data,2026-10-09
Morocco,MAR,2008,Total generation,20.35,100.0,3.9099999999999997,695.971,Ember Yearly Electricity Data,2026-10-09
Morocco,MAR,2009,Solar,0.0,0.0,0.01,,Ember Yearly Electricity Data,2026-10-09
Morocco,MAR,2009,Wind,0.39,1.863,0.22,10.256,Ember Yearly Electricity Data,2026-10-09
Morocco,MAR,2009,Hydro,2.95,14.095,1.29,23.729,Ember Yearly Electricity Data,2026-10-09
Morocco,MAR,2009,Bioenergy,0.0,0.0,0.0,,Ember Yearly Electricity Data,2026-10-09
Morocco,MAR,2009,Renewables,3.34,15.958,1.52,22.156,Ember Yearly Electricity Data,2026-10-09
Morocco,MAR,2009,Fossil,17.59,84.042,2.9400000000000004,752.246,Ember Yearly Electricity Data,2026-10-09
Morocco,MAR,2009,Total generation,20.93,100.0,4.46,635.738,Ember Yearly Electricity Data,2026-10-09
Morocco,MAR,2010,Solar,0.0,0.0,0.03,,Ember Yearly Electricity Data,2026-10-09
Morocco,MAR,2010,Wind,0.66,2.888,0.22,9.091,Ember Yearly Electricity Data,2026-10-09
Morocco,MAR,2010,Hydro,3.63,15.886,1.31,23.691,Ember Yearly Electricity Data,2026-10-09
Morocco,MAR,2010,Bioenergy,0.0,0.0,0.0,,Ember Yearly Electricity Data,2026-10-09
Morocco,MAR,2010,Renewables,4.29,18.775,1.56,21.678,Ember Yearly Electricity Data,2026-10-09
Morocco,MAR,2010,Fossil,18.56,81.225,3.41,746.39,Ember Yearly Electricity Data,2026-10-09
Morocco,MAR,2010,Total generation,22.85,100.0,4.97,610.328,Ember Yearly Electricity Data,2026-10-09
Morocco,MAR,2011,Solar,0.0,0.0,0.03,,Ember Yearly Electricity Data,2026-10-09
Morocco,MAR,2011,Wind,0.69,2.833,0.25,10.145,Ember Yearly Electricity Data,2026-10-09
Morocco,MAR,2011,Hydro,2.14,8.785,1.31,23.832,Ember Yearly Electricity Data,2026-10-09
Morocco,MAR,2011,Bioenergy,0.0,0.0,0.0,,Ember Yearly Electricity Data,2026-10-09
Morocco,MAR,2011,Renewables,2.83,11.617,1.59,20.141,Ember Yearly Electricity Data,2026-10-09
Morocco,MAR,2011,Fossil,21.53,88.383,3.41,735.346,Ember Yearly Electricity Data,2026-10-09
Morocco,MAR,2011,Total generation,24.36,100.0,5.0,652.299,Ember Yearly Electricity Data,2026-10-09
Morocco,MAR,2012,Solar,0.0,0.0,0.04,,Ember Yearly Electricity Data,2026-10-09
Morocco,MAR,2012,Wind,0.73,2.754,0.25,9.589,Ember Yearly Electricity Data,2026-10-09
Morocco,MAR,2012,Hydro,1.82,6.865,1.31,23.626,Ember Yearly Electricity Data,2026-10-09
Morocco,MAR,2012,Bioenergy,0.0,0.0,0.0,,Ember Yearly Electricity Data,2026-10-09
Morocco,MAR,2012,Renewables,2.55,9.619,1.6,19.608,Ember Yearly Electricity Data,2026-10-09
Morocco,MAR,2012,Fossil,23.96,90.381,3.7199999999999998,715.609,Ember Yearly Electricity Data,2026-10-09
Morocco,MAR,2012,Total generation,26.51,100.0,5.32,648.661,Ember Yearly Electricity Data,2026-10-09
Morocco,MAR,2013,Solar,0.0,0.0,0.04,,Ember Yearly Electricity Data,2026-10-09
Morocco,MAR,2013,Wind,1.36,5.048,0.5,9.559,Ember Yearly Electricity Data,2026-10-09
Morocco,MAR,2013,Hydro,2.99,11.099,1.31,23.746,Ember Yearly Electricity Data,2026-10-09
Morocco,MAR,2013,Bioenergy,0.0,0.0,0.0,,Ember Yearly Electricity Data,2026-10-09
Morocco,MAR,2013,Renewables,4.35,16.147,1.85,19.31,Ember Yearly Electricity Data,2026-10-09
Morocco,MAR,2013,Fossil,22.59,83.853,3.7199999999999998,726.782,Ember Yearly Electricity Data,2026-10-09
Morocco,MAR,2013,Total generation,26.94,100.0,5.57,612.546,Ember Yearly Electricity Data,2026-10-09
Morocco,MAR,2014,Solar,0.0,0.0,0.04,,Ember Yearly Electricity Data,2026-10-09
Morocco,MAR,2014,Wind,1.92,6.838,0.8,9.375,Ember Yearly Electricity Data,2026-10-09
Morocco,MAR,2014,Hydro,2.03,7.229,1.31,23.645,Ember Yearly Electricity Data,2026-10-09
Morocco,MAR,2014,Bioenergy,0.01,0.036,0.0,200.0,Ember Yearly Electricity Data,2026-10-09
Morocco,MAR,2014,Renewables,3.96,14.103,2.1500000000000004,17.424,Ember Yearly Electricity Data,2026-10-09
Morocco,MAR,2014,Fossil,24.12,85.897,4.42,755.307,Ember Yearly Electricity Data,2026-10-09
Morocco,MAR,2014,Total generation,28.08,100.0,6.57,651.246,Ember Yearly Electricity Data,2026-10-09
Morocco,MAR,2015,Solar,0.0,0.0,0.2,,Ember Yearly Electricity Data,2026-10-09
Morocco,MAR,2015,Wind,2.52,8.425,0.8,9.524,Ember Yearly Electricity Data,2026-10-09
Morocco,MAR,2015,Hydro,2.28,7.623,1.31,23.684,Ember Yearly Electricity Data,2026-10-09
Morocco,MAR,2015,Bioenergy,0.01,0.033,0.0,200.0,Ember Yearly Electricity Data,2026-10-09
Morocco,MAR,2015,Renewables,4.81,16.082,2.31,16.632,Ember Yearly Electricity Data,2026-10-09
Morocco,MAR,2015,Fossil,25.1,83.918,4.42,759.681,Ember Yearly Electricity Data,2026-10-09
Morocco,MAR,2015,Total generation,29.91,100.0,6.73,640.187,Ember Yearly Electricity Data,2026-10-09
Morocco,MAR,2016,Solar,0.4,1.296,0.2,47.5,Ember Yearly Electricity Data,2026-10-09
Morocco,MAR,2016,Wind,3.02,9.783,0.9,9.603,Ember Yearly Electricity Data,2026-10-09
Morocco,MAR,2016,Hydro,1.66,5.377,1.31,23.494,Ember Yearly Electricity Data,2026-10-09
Morocco,MAR,2016,Bioenergy,0.01,0.032,0.01,200.0,Ember Yearly Electricity Data,2026-10-09
Morocco,MAR,2016,Renewables,5.09,16.489,2.42,17.485,Ember Yearly Electricity Data,2026-10-09
Morocco,MAR,2016,Fossil,25.78,83.511,4.42,755.314,Ember Yearly Electricity Data,2026-10-09
Morocco,MAR,2016,Total generation,30.87,100.0,6.840000000000001,633.657,Ember Yearly Electricity Data,2026-10-09
Morocco,MAR,2017,Solar,0.41,1.284,0.2,46.341,Ember Yearly Electricity Data,2026-10-09
Morocco,MAR,2017,Wind,3.04,9.518,1.02,9.539,Ember Yearly Electricity Data,2026-10-09
Morocco,MAR,2017,Hydro,1.57,4.915,1.31,23.567,Ember Yearly Electricity Data,2026-10-09
Morocco,MAR,2017,Bioenergy,0.04,0.125,0.01,225.0,Ember Yearly Electricity Data,2026-10-09
Morocco,MAR,2017,Renewables,5.06,15.842,2.54,18.577,Ember Yearly Electricity Data,2026-10-09
Morocco,MAR,2017,Fossil,26.88,84.158,4.7700000000000005,753.385,Ember Yearly Electricity Data,2026-10-09
Morocco,MAR,2017,Total generation,31.94,100.0,7.3100000000000005,637.007,Ember Yearly Electricity Data,2026-10-09
Morocco,MAR,2018,Solar,0.95,2.749,0.73,47.368,Ember Yearly Electricity Data,2026-10-09
Morocco,MAR,2018,Wind,3.86,11.169,1.23,9.585,Ember Yearly Electricity Data,2026-10-09
Morocco,MAR,2018,Hydro,2.0,5.787,1.31,24.0,Ember Yearly Electricity Data,2026-10-09
Morocco,MAR,2018,Bioenergy,0.04,0.116,0.01,225.0,Ember Yearly Electricity Data,2026-10-09
Morocco,MAR,2018,Renewables,6.85,19.821,3.28,20.146,Ember Yearly Electricity Data,2026-10-09
Morocco,MAR,2018,Fossil,27.71,80.179,6.16,769.975,Ember Yearly Electricity Data,2026-10-09
Morocco,MAR,2018,Total generation,34.56,100.0,9.44,621.354,Ember Yearly Electricity Data,2026-10-09
Morocco,MAR,2019,Solar,1.58,3.913,0.73,47.468,Ember Yearly Electricity Data,2026-10-09
Morocco,MAR,2019,Wind,4.72,11.689,1.23,9.534,Ember Yearly Electricity Data,2026-10-09
Morocco,MAR,2019,Hydro,1.65,4.086,1.31,23.636,Ember Yearly Electricity Data,2026-10-09
Morocco,MAR,2019,Bioenergy,0.04,0.099,0.01,225.0,Ember Yearly Electricity Data,2026-10-09
Morocco,MAR,2019,Renewables,7.99,19.787,3.28,21.026,Ember Yearly Electricity Data,2026-10-09
Morocco,MAR,2019,Fossil,32.39,80.213,6.16,782.278,Ember Yearly Electricity Data,2026-10-09
Morocco,MAR,2019,Total generation,40.38,100.0,9.44,631.649,Ember Yearly Electricity Data,2026-10-09
Morocco,MAR,2020,Solar,1.52,3.918,0.77,47.368,Ember Yearly Electricity Data,2026-10-09
Morocco,MAR,2020,Wind,4.59,11.83,1.43,9.586,Ember Yearly Electricity Data,2026-10-09
Morocco,MAR,2020,Hydro,1.29,3.325,1.31,24.031,Ember Yearly Electricity Data,2026-10-09
Morocco,MAR,2020,Bioenergy,0.04,0.103,0.01,225.0,Ember Yearly Electricity Data,2026-10-09
Morocco,MAR,2020,Renewables,7.44,19.175,3.5199999999999996,20.833,Ember Yearly Electricity Data,2026-10-09
Morocco,MAR,2020,Fossil,31.36,80.825,6.16,794.005,Ember Yearly Electricity Data,2026-10-09
Morocco,MAR,2020,Total generation,38.8,100.0,9.68,645.773,Ember Yearly Electricity Data,2026-10-09
Morocco,MAR,2021,Solar,1.82,4.407,0.85,47.253,Ember Yearly Electricity Data,2026-10-09
Morocco,MAR,2021,Wind,5.11,12.373,1.47,9.589,Ember Yearly Electricity Data,2026-10-09
Morocco,MAR,2021,Hydro,1.21,2.93,1.31,23.967,Ember Yearly Electricity Data,2026-10-09
Morocco,MAR,2021,Bioenergy,0.04,0.097,0.01,225.0,Ember Yearly Electricity Data,2026-10-09
Morocco,MAR,2021,Renewables,8.18,19.806,3.6399999999999997,21.149,Ember Yearly Electricity Data,2026-10-09
Morocco,MAR,2021,Fossil,33.12,80.194,6.16,792.482,Ember Yearly Electricity Data,2026-10-09
Morocco,MAR,2021,Total generation,41.3,100.0,9.8,639.685,Ember Yearly Electricity Data,2026-10-09
Morocco,MAR,2022,Solar,1.45,3.502,0.85,47.586,Ember Yearly Electricity Data,2026-10-09
Morocco,MAR,2022,Wind,5.36,12.944,1.56,9.515,Ember Yearly Electricity Data,2026-10-09
Morocco,MAR,2022,Hydro,0.68,1.642,1.31,23.529,Ember Yearly Electricity Data,2026-10-09
Morocco,MAR,2022,Bioenergy,0.04,0.097,0.01,225.0,Ember Yearly Electricity Data,2026-10-09
Morocco,MAR,2022,Renewables,7.53,18.184,3.73,19.256,Ember Yearly Electricity Data,2026-10-09
Morocco,MAR,2022,Fossil,33.88,81.816,6.16,805.431,Ember Yearly Electricity Data,2026-10-09
Morocco,MAR,2022,Total generation,41.41,100.0,9.89,662.473,Ember Yearly Electricity Data,2026-10-09
Morocco,MAR,2023,Solar,2.11,4.969,0.85,47.393,Ember Yearly Electricity Data,2026-10-09
Morocco,MAR,2023,Wind,6.55,15.426,2.08,9.466,Ember Yearly Electricity Data,2026-10-09
Morocco,MAR,2023,Hydro,0.52,1.225,1.31,23.077,Ember Yearly Electricity Data,2026-10-09
Morocco,MAR,2023,Bioenergy,0.04,0.094,0.01,225.0,Ember Yearly Electricity Data,2026-10-09
Morocco,MAR,2023,Renewables,9.22,21.715,4.25,19.957,Ember Yearly Electricity Data,2026-10-09
Morocco,MAR,2023,Fossil,33.24,78.285,6.16,782.401,Ember Yearly Electricity Data,2026-10-09
Morocco,MAR,2023,Total generation,42.46,100.0,10.41,616.839,Ember Yearly Electricity Data,2026-10-09
Morocco,MAR,2024,Solar,2.41,5.684,0.95,47.718,Ember Yearly Electricity Data,2026-10-09
Morocco,MAR,2024,Wind,7.09,16.722,2.39,9.45,Ember Yearly Electricity Data,2026-10-09
Morocco,MAR,2024,Hydro,0.81,1.91,1.31,23.457,Ember Yearly Electricity Data,2026-10-09
Morocco,MAR,2024,Bioenergy,0.04,0.094,0.01,225.0,Ember Yearly Electricity Data,2026-10-09
Morocco,MAR,2024,Renewables,10.35,24.41,4.66,20.29,Ember Yearly Electricity Data,2026-10-09
Morocco,MAR,2024,Fossil,32.05,75.59,5.99,780.998,Ember Yearly Electricity Data,2026-10-09
Morocco,MAR,2024,Total generation,42.4,100.0,10.65,595.307,Ember Yearly Electricity Data,2026-10-09
Morocco,MAR,2025,Solar,2.568,5.817,1.09,47.508,Ember Yearly Electricity Data,2026-10-09
Morocco,MAR,2025,Wind,6.717,15.215,2.45,9.528,Ember Yearly Electricity Data,2026-10-09
Morocco,MAR,2025,Hydro,0.922,2.088,1.31,23.861,Ember Yearly Electricity Data,2026-10-09
Morocco,MAR,2025,Bioenergy,0.04,0.091,0.01,225.0,Ember Yearly Electricity Data,2026-10-09
Morocco,MAR,2025,Renewables,10.247,23.21,4.86,21.177,Ember Yearly Electricity Data,2026-10-09
Morocco,MAR,2025,Fossil,33.902,76.791,5.99,778.892,Ember Yearly Electricity Data,2026-10-09
Morocco,MAR,2025,Total generation,44.149,100.001,10.850000000000001,603.003,Ember Yearly Electricity Data,2026-10-09
Rwanda,RWA,2000,Solar,0.0,0.0,0.0,,Ember Yearly Electricity Data,2026-10-09
Rwanda,RWA,2000,Wind,0.0,0.0,0.0,,Ember Yearly Electricity Data,2026-10-09
Rwanda,RWA,2000,Hydro,0.1,62.5,0.04,20.0,Ember Yearly Electricity Data,2026-10-09
Rwanda,RWA,2000,Bioenergy,0.0,0.0,0.0,,Ember Yearly Electricity Data,2026-10-09
Rwanda,RWA,2000,Renewables,0.1,62.5,0.04,20.0,Ember Yearly Electricity Data,2026-10-09
Rwanda,RWA,2000,Fossil,0.06,37.5,0.0,650.0,Ember Yearly Electricity Data,2026-10-09
Rwanda,RWA,2000,Total generation,0.16,100.0,0.04,262.5,Ember Yearly Electricity Data,2026-10-09
Rwanda,RWA,2001,Solar,0.0,0.0,0.0,,Ember Yearly Electricity Data,2026-10-09
Rwanda,RWA,2001,Wind,0.0,0.0,0.0,,Ember Yearly Electricity Data,2026-10-09
Rwanda,RWA,2001,Hydro,0.09,60.0,0.04,22.222,Ember Yearly Electricity Data,2026-10-09
Rwanda,RWA,2001,Bioenergy,0.0,0.0,0.0,,Ember Yearly Electricity Data,2026-10-09
Rwanda,RWA,2001,Renewables,0.09,60.0,0.04,22.222,Ember Yearly Electricity Data,2026-10-09
Rwanda,RWA,2001,Fossil,0.06,40.0,0.0,650.0,Ember Yearly Electricity Data,2026-10-09
Rwanda,RWA,2001,Total generation,0.15,100.0,0.04,280.0,Ember Yearly Electricity Data,2026-10-09
Rwanda,RWA,2002,Solar,0.0,0.0,0.0,,Ember Yearly Electricity Data,2026-10-09
Rwanda,RWA,2002,Wind,0.0,0.0,0.0,,Ember Yearly Electricity Data,2026-10-09
Rwanda,RWA,2002,Hydro,0.1,58.824,0.04,20.0,Ember Yearly Electricity Data,2026-10-09
Rwanda,RWA,2002,Bioenergy,0.0,0.0,0.0,,Ember Yearly Electricity Data,2026-10-09
Rwanda,RWA,2002,Renewables,0.1,58.824,0.04,20.0,Ember Yearly Electricity Data,2026-10-09
Rwanda,RWA,2002,Fossil,0.07,41.176,0.0,657.143,Ember Yearly Electricity Data,2026-10-09
Rwanda,RWA,2002,Total generation,0.17,100.0,0.04,282.353,Ember Yearly Electricity Data,2026-10-09
Rwanda,RWA,2003,Solar,0.0,0.0,0.0,,Ember Yearly Electricity Data,2026-10-09
Rwanda,RWA,2003,Wind,0.0,0.0,0.0,,Ember Yearly Electricity Data,2026-10-09
Rwanda,RWA,2003,Hydro,0.12,66.667,0.04,25.0,Ember Yearly Electricity Data,2026-10-09
Rwanda,RWA,2003,Bioenergy,0.0,0.0,0.0,,Ember Yearly Electricity Data,2026-10-09
Rwanda,RWA,2003,Renewables,0.12,66.667,0.04,25.0,Ember Yearly Electricity Data,2026-10-09
Rwanda,RWA,2003,Fossil,0.06,33.333,0.0,650.0,Ember Yearly Electricity Data,2026-10-09
Rwanda,RWA,2003,Total generation,0.18,100.0,0.04,233.333,Ember Yearly Electricity Data,2026-10-09
Rwanda,RWA,2004,Solar,0.0,0.0,0.0,,Ember Yearly Electricity Data,2026-10-09
Rwanda,RWA,2004,Wind,0.0,0.0,0.0,,Ember Yearly Electricity Data,2026-10-09
Rwanda,RWA,2004,Hydro,0.08,57.143,0.04,25.0,Ember Yearly Electricity Data,2026-10-09
Rwanda,RWA,2004,Bioenergy,0.0,0.0,0.0,,Ember Yearly Electricity Data,2026-10-09
Rwanda,RWA,2004,Renewables,0.08,57.143,0.04,25.0,Ember Yearly Electricity Data,2026-10-09
Rwanda,RWA,2004,Fossil,0.06,42.857,0.0,650.0,Ember Yearly Electricity Data,2026-10-09
Rwanda,RWA,2004,Total generation,0.14,100.0,0.04,292.857,Ember Yearly Electricity Data,2026-10-09
Rwanda,RWA,2005,Solar,0.0,0.0,0.0,,Ember Yearly Electricity Data,2026-10-09
Rwanda,RWA,2005,Wind,0.0,0.0,0.0,,Ember Yearly Electricity Data,2026-10-09
Rwanda,RWA,2005,Hydro,0.1,52.632,0.04,20.0,Ember Yearly Electricity Data,2026-10-09
Rwanda,RWA,2005,Bioenergy,0.0,0.0,0.0,,Ember Yearly Electricity Data,2026-10-09
Rwanda,RWA,2005,Renewables,0.1,52.632,0.04,20.0,Ember Yearly Electricity Data,2026-10-09
Rwanda,RWA,2005,Fossil,0.09,47.368,0.02,655.556,Ember Yearly Electricity Data,2026-10-09
Rwanda,RWA,2005,Total generation,0.19,100.0,0.06,326.316,Ember Yearly Electricity Data,2026-10-09
Rwanda,RWA,2006,Solar,0.0,0.0,0.0,,Ember Yearly Electricity Data,2026-10-09
Rwanda,RWA,2006,Wind,0.0,0.0,0.0,,Ember Yearly Electricity Data,2026-10-09
Rwanda,RWA,2006,Hydro,0.13,48.148,0.04,23.077,Ember Yearly Electricity Data,2026-10-09
Rwanda,RWA,2006,Bioenergy,0.0,0.0,0.0,,Ember Yearly Electricity Data,2026-10-09
Rwanda,RWA,2006,Renewables,0.13,48.148,0.04,23.077,Ember Yearly Electricity Data,2026-10-09
Rwanda,RWA,2006,Fossil,0.14,51.852,0.03,657.143,Ember Yearly Electricity Data,2026-10-09
Rwanda,RWA,2006,Total generation,0.27,100.0,0.07,351.852,Ember Yearly Electricity Data,2026-10-09
Rwanda,RWA,2007,Solar,0.0,0.0,0.0,,Ember Yearly Electricity Data,2026-10-09
Rwanda,RWA,2007,Wind,0.0,0.0,0.0,,Ember Yearly Electricity Data,2026-10-09
Rwanda,RWA,2007,Hydro,0.12,48.0,0.04,25.0,Ember Yearly Electricity Data,2026-10-09
Rwanda,RWA,2007,Bioenergy,0.0,0.0,0.0,,Ember Yearly Electricity Data,2026-10-09
Rwanda,RWA,2007,Renewables,0.12,48.0,0.04,25.0,Ember Yearly Electricity Data,2026-10-09
Rwanda,RWA,2007,Fossil,0.13,52.0,0.03,661.538,Ember Yearly Electricity Data,2026-10-09
Rwanda,RWA,2007,Total generation,0.25,100.0,0.07,352.0,Ember Yearly Electricity Data,2026-10-09
Rwanda,RWA,2008,Solar,0.0,0.0,0.0,,Ember Yearly Electricity Data,2026-10-09
Rwanda,RWA,2008,Wind,0.0,0.0,0.0,,Ember Yearly Electricity Data,2026-10-09
Rwanda,RWA,2008,Hydro,0.16,55.172,0.04,25.0,Ember Yearly Electricity Data,2026-10-09
Rwanda,RWA,2008,Bioenergy,0.0,0.0,0.0,,Ember Yearly Electricity Data,2026-10-09
Rwanda,RWA,2008,Renewables,0.16,55.172,0.04,25.0,Ember Yearly Electricity Data,2026-10-09
Rwanda,RWA,2008,Fossil,0.13,44.828,0.03,661.538,Ember Yearly Electricity Data,2026-10-09
Rwanda,RWA,2008,Total generation,0.29,100.0,0.07,306.897,Ember Yearly Electricity Data,2026-10-09
Rwanda,RWA,2009,Solar,0.0,0.0,0.0,,Ember Yearly Electricity Data,2026-10-09
Rwanda,RWA,2009,Wind,0.0,0.0,0.0,,Ember Yearly Electricity Data,2026-10-09
Rwanda,RWA,2009,Hydro,0.16,51.613,0.04,25.0,Ember Yearly Electricity Data,2026-10-09
Rwanda,RWA,2009,Bioenergy,0.0,0.0,0.0,,Ember Yearly Electricity Data,2026-10-09
Rwanda,RWA,2009,Renewables,0.16,51.613,0.04,25.0,Ember Yearly Electricity Data,2026-10-09
Rwanda,RWA,2009,Fossil,0.15,48.387,0.05,660.0,Ember Yearly Electricity Data,2026-10-09
Rwanda,RWA,2009,Total generation,0.31,100.0,0.09,332.258,Ember Yearly Electricity Data,2026-10-09
Rwanda,RWA,2010,Solar,0.0,0.0,0.0,,Ember Yearly Electricity Data,2026-10-09
Rwanda,RWA,2010,Wind,0.0,0.0,0.0,,Ember Yearly Electricity Data,2026-10-09
Rwanda,RWA,2010,Hydro,0.11,39.286,0.05,27.273,Ember Yearly Electricity Data,2026-10-09
Rwanda,RWA,2010,Bioenergy,0.0,0.0,0.0,,Ember Yearly Electricity Data,2026-10-09
Rwanda,RWA,2010,Renewables,0.11,39.286,0.05,27.273,Ember Yearly Electricity Data,2026-10-09
Rwanda,RWA,2010,Fossil,0.17,60.714,0.05,652.941,Ember Yearly Electricity Data,2026-10-09
Rwanda,RWA,2010,Total generation,0.28,100.0,0.1,407.143,Ember Yearly Electricity Data,2026-10-09
Rwanda,RWA,2011,Solar,0.0,0.0,0.0,,Ember Yearly Electricity Data,2026-10-09
Rwanda,RWA,2011,Wind,0.0,0.0,0.0,,Ember Yearly Electricity Data,2026-10-09
Rwanda,RWA,2011,Hydro,0.15,42.857,0.05,26.667,Ember Yearly Electricity Data,2026-10-09
Rwanda,RWA,2011,Bioenergy,0.0,0.0,0.0,,Ember Yearly Electricity Data,2026-10-09
Rwanda,RWA,2011,Renewables,0.15,42.857,0.05,26.667,Ember Yearly Electricity Data,2026-10-09
Rwanda,RWA,2011,Fossil,0.2,57.143,0.05,655.0,Ember Yearly Electricity Data,2026-10-09
Rwanda,RWA,2011,Total generation,0.35,100.0,0.1,382.857,Ember Yearly Electricity Data,2026-10-09
Rwanda,RWA,2012,Solar,0.0,0.0,0.0,,Ember Yearly Electricity Data,2026-10-09
Rwanda,RWA,2012,Wind,0.0,0.0,0.0,,Ember Yearly Electricity Data,2026-10-09
Rwanda,RWA,2012,Hydro,0.18,46.154,0.06,22.222,Ember Yearly Electricity Data,2026-10-09
Rwanda,RWA,2012,Bioenergy,0.0,0.0,0.0,,Ember Yearly Electricity Data,2026-10-09
Rwanda,RWA,2012,Renewables,0.18,46.154,0.06,22.222,Ember Yearly Electricity Data,2026-10-09
Rwanda,RWA,2012,Fossil,0.21,53.846,0.05,652.381,Ember Yearly Electricity Data,2026-10-09
Rwanda,RWA,2012,Total generation,0.39,100.0,0.11,364.103,Ember Yearly Electricity Data,2026-10-09
Rwanda,RWA,2013,Solar,0.0,0.0,0.0,,Ember Yearly Electricity Data,2026-10-09
Rwanda,RWA,2013,Wind,0.0,0.0,0.0,,Ember Yearly Electricity Data,2026-10-09
Rwanda,RWA,2013,Hydro,0.15,40.541,0.06,26.667,Ember Yearly Electricity Data,2026-10-09
Rwanda,RWA,2013,Bioenergy,0.0,0.0,0.0,,Ember Yearly Electricity Data,2026-10-09
Rwanda,RWA,2013,Renewables,0.15,40.541,0.06,26.667,Ember Yearly Electricity Data,2026-10-09
Rwanda,RWA,2013,Fossil,0.22,59.459,0.05,654.545,Ember Yearly Electricity Data,2026-10-09
Rwanda,RWA,2013,Total generation,0.37,100.0,0.11,400.0,Ember Yearly Electricity Data,2026-10-09
Rwanda,RWA,2014,Solar,0.0,0.0,0.01,,Ember Yearly Electricity Data,2026-10-09
Rwanda,RWA,2014,Wind,0.0,0.0,0.0,,Ember Yearly Electricity Data,2026-10-09
Rwanda,RWA,2014,Hydro,0.2,48.78,0.07,25.0,Ember Yearly Electricity Data,2026-10-09
Rwanda,RWA,2014,Bioenergy,0.0,0.0,0.0,,Ember Yearly Electricity Data,2026-10-09
Rwanda,RWA,2014,Renewables,0.2,48.78,0.08,25.0,Ember Yearly Electricity Data,2026-10-09
Rwanda,RWA,2014,Fossil,0.21,51.22,0.05,652.381,Ember Yearly Electricity Data,2026-10-09
Rwanda,RWA,2014,Total generation,0.41,100.0,0.13,343.902,Ember Yearly Electricity Data,2026-10-09
Rwanda,RWA,2015,Solar,0.01,1.961,0.01,0.0,Ember Yearly Electricity Data,2026-10-09
Rwanda,RWA,2015,Wind,0.0,0.0,0.0,,Ember Yearly Electricity Data,2026-10-09
Rwanda,RWA,2015,Hydro,0.28,54.902,0.09,25.0,Ember Yearly Electricity Data,2026-10-09
Rwanda,RWA,2015,Bioenergy,0.0,0.0,0.0,,Ember Yearly Electricity Data,2026-10-09
Rwanda,RWA,2015,Renewables,0.29,56.863,0.09999999999999999,24.138,Ember Yearly Electricity Data,2026-10-09
Rwanda,RWA,2015,Fossil,0.22,43.137,0.1,650.0,Ember Yearly Electricity Data,2026-10-09
Rwanda,RWA,2015,Total generation,0.51,100.0,0.2,294.118,Ember Yearly Electricity Data,2026-10-09
Rwanda,RWA,2016,Solar,0.02,3.125,0.01,50.0,Ember Yearly Electricity Data,2026-10-09
Rwanda,RWA,2016,Wind,0.0,0.0,0.0,,Ember Yearly Electricity Data,2026-10-09
Rwanda,RWA,2016,Hydro,0.3,46.875,0.1,23.333,Ember Yearly Electricity Data,2026-10-09
Rwanda,RWA,2016,Bioenergy,0.0,0.0,0.0,,Ember Yearly Electricity Data,2026-10-09
Rwanda,RWA,2016,Renewables,0.32,50.0,0.11,25.0,Ember Yearly Electricity Data,2026-10-09
Rwanda,RWA,2016,Fossil,0.32,50.0,0.11000000000000001,643.75,Ember Yearly Electricity Data,2026-10-09
Rwanda,RWA,2016,Total generation,0.64,100.0,0.22000000000000003,334.375,Ember Yearly Electricity Data,2026-10-09
Rwanda,RWA,2017,Solar,0.02,3.077,0.01,50.0,Ember Yearly Electricity Data,2026-10-09
Rwanda,RWA,2017,Wind,0.0,0.0,0.0,,Ember Yearly Electricity Data,2026-10-09
Rwanda,RWA,2017,Hydro,0.28,43.077,0.1,25.0,Ember Yearly Electricity Data,2026-10-09
Rwanda,RWA,2017,Bioenergy,0.0,0.0,0.0,,Ember Yearly Electricity Data,2026-10-09
Rwanda,RWA,2017,Renewables,0.3,46.154,0.11,26.667,Ember Yearly Electricity Data,2026-10-09
Rwanda,RWA,2017,Fossil,0.35,53.846,0.11000000000000001,648.571,Ember Yearly Electricity Data,2026-10-09
Rwanda,RWA,2017,Total generation,0.65,100.0,0.22000000000000003,361.538,Ember Yearly Electricity Data,2026-10-09
Rwanda,RWA,2018,Solar,0.03,3.659,0.01,33.333,Ember Yearly Electricity Data,2026-10-09
Rwanda,RWA,2018,Wind,0.0,0.0,0.0,,Ember Yearly Electricity Data,2026-10-09
Rwanda,RWA,2018,Hydro,0.31,37.805,0.1,22.581,Ember Yearly Electricity Data,2026-10-09
Rwanda,RWA,2018,Bioenergy,0.0,0.0,0.0,,Ember Yearly Electricity Data,2026-10-09
Rwanda,RWA,2018,Renewables,0.34,41.463,0.11,26.471,Ember Yearly Electricity Data,2026-10-09
Rwanda,RWA,2018,Fossil,0.48,58.537,0.11000000000000001,641.667,Ember Yearly Electricity Data,2026-10-09
Rwanda,RWA,2018,Total generation,0.82,100.0,0.22000000000000003,385.366,Ember Yearly Electricity Data,2026-10-09
Rwanda,RWA,2019,Solar,0.03,3.529,0.01,33.333,Ember Yearly Electricity Data,2026-10-09
Rwanda,RWA,2019,Wind,0.0,0.0,0.0,,Ember Yearly Electricity Data,2026-10-09
Rwanda,RWA,2019,Hydro,0.4,47.059,0.11,25.0,Ember Yearly Electricity Data,2026-10-09
Rwanda,RWA,2019,Bioenergy,0.0,0.0,0.0,,Ember Yearly Electricity Data,2026-10-09
Rwanda,RWA,2019,Renewables,0.43,50.588,0.12,25.581,Ember Yearly Electricity Data,2026-10-09
Rwanda,RWA,2019,Fossil,0.42,49.412,0.11000000000000001,633.333,Ember Yearly Electricity Data,2026-10-09
Rwanda,RWA,2019,Total generation,0.85,100.0,0.23,324.706,Ember Yearly Electricity Data,2026-10-09
Rwanda,RWA,2020,Solar,0.03,3.371,0.01,33.333,Ember Yearly Electricity Data,2026-10-09
Rwanda,RWA,2020,Wind,0.0,0.0,0.0,,Ember Yearly Electricity Data,2026-10-09
Rwanda,RWA,2020,Hydro,0.53,59.551,0.12,24.528,Ember Yearly Electricity Data,2026-10-09
Rwanda,RWA,2020,Bioenergy,0.0,0.0,0.0,,Ember Yearly Electricity Data,2026-10-09
Rwanda,RWA,2020,Renewables,0.56,62.921,0.13,25.0,Ember Yearly Electricity Data,2026-10-09
Rwanda,RWA,2020,Fossil,0.33,37.079,0.11000000000000001,633.333,Ember Yearly Electricity Data,2026-10-09
Rwanda,RWA,2020,Total generation,0.89,100.0,0.24000000000000002,250.562,Ember Yearly Electricity Data,2026-10-09
Rwanda,RWA,2021,Solar,0.04,4.0,0.01,50.0,Ember Yearly Electricity Data,2026-10-09
Rwanda,RWA,2021,Wind,0.0,0.0,0.0,,Ember Yearly Electricity Data,2026-10-09
Rwanda,RWA,2021,Hydro,0.55,55.0,0.12,23.636,Ember Yearly Electricity Data,2026-10-09
Rwanda,RWA,2021,Bioenergy,0.0,0.0,0.0,,Ember Yearly Electricity Data,2026-10-09
Rwanda,RWA,2021,Renewables,0.59,59.0,0.13,25.424,Ember Yearly Electricity Data,2026-10-09
Rwanda,RWA,2021,Fossil,0.41,41.0,0.11000000000000001,641.463,Ember Yearly Electricity Data,2026-10-09
Rwanda,RWA,2021,Total generation,1.0,100.0,0.24000000000000002,278.0,Ember Yearly Electricity Data,2026-10-09
Rwanda,RWA,2022,Solar,0.04,3.846,0.02,50.0,Ember Yearly Electricity Data,2026-10-09
Rwanda,RWA,2022,Wind,0.0,0.0,0.0,,Ember Yearly Electricity Data,2026-10-09
Rwanda,RWA,2022,Hydro,0.56,53.846,0.12,23.214,Ember Yearly Electricity Data,2026-10-09
Rwanda,RWA,2022,Bioenergy,0.0,0.0,0.0,,Ember Yearly Electricity Data,2026-10-09
Rwanda,RWA,2022,Renewables,0.6,57.692,0.13999999999999999,25.0,Ember Yearly Electricity Data,2026-10-09
Rwanda,RWA,2022,Fossil,0.44,42.308,0.15000000000000002,650.0,Ember Yearly Electricity Data,2026-10-09
Rwanda,RWA,2022,Total generation,1.04,100.0,0.29000000000000004,289.423,Ember Yearly Electricity Data,2026-10-09
Rwanda,RWA,2023,Solar,0.04,3.636,0.02,50.0,Ember Yearly Electricity Data,2026-10-09
Rwanda,RWA,2023,Wind,0.0,0.0,0.0,,Ember Yearly Electricity Data,2026-10-09
Rwanda,RWA,2023,Hydro,0.5,45.455,0.12,24.0,Ember Yearly Electricity Data,2026-10-09
Rwanda,RWA,2023,Bioenergy,0.0,0.0,0.0,,Ember Yearly Electricity Data,2026-10-09
Rwanda,RWA,2023,Renewables,0.54,49.091,0.13999999999999999,25.926,Ember Yearly Electricity Data,2026-10-09
Rwanda,RWA,2023,Fossil,0.56,50.909,0.15000000000000002,694.643,Ember Yearly Electricity Data,2026-10-09
Rwanda,RWA,2023,Total generation,1.1,100.0,0.29000000000000004,365.455,Ember Yearly Electricity Data,2026-10-09
Rwanda,RWA,2024,Solar,0.04,3.54,0.02,50.0,Ember Yearly Electricity Data,2026-10-09
Rwanda,RWA,2024,Wind,0.0,0.0,0.0,,Ember Yearly Electricity Data,2026-10-09
Rwanda,RWA,2024,Hydro,0.52,46.018,0.15,23.077,Ember Yearly Electricity Data,2026-10-09
Rwanda,RWA,2024,Bioenergy,0.0,0.0,0.0,,Ember Yearly Electricity Data,2026-10-09
Rwanda,RWA,2024,Renewables,0.56,49.558,0.16999999999999998,25.0,Ember Yearly Electricity Data,2026-10-09
Rwanda,RWA,2024,Fossil,0.57,50.442,0.22,692.982,Ember Yearly Electricity Data,2026-10-09
Rwanda,RWA,2024,Total generation,1.13,100.0,0.38999999999999996,361.947,Ember Yearly Electricity Data,2026-10-09
Senegal,SEN,2000,Solar,0.0,0.0,0.0,,Ember Yearly Electricity Data,2026-10-09
Senegal,SEN,2000,Wind,0.0,0.0,0.0,,Ember Yearly Electricity Data,2026-10-09
Senegal,SEN,2000,Hydro,0.0,0.0,0.0,,Ember Yearly Electricity Data,2026-10-09
Senegal,SEN,2000,Bioenergy,0.05,3.356,0.0,220.0,Ember Yearly Electricity Data,2026-10-09
Senegal,SEN,2000,Renewables,0.05,3.356,0.0,220.0,Ember Yearly Electricity Data,2026-10-09
Senegal,SEN,2000,Fossil,1.44,96.644,0.41000000000000003,658.333,Ember Yearly Electricity Data,2026-10-09
Senegal,SEN,2000,Total generation,1.49,100.0,0.41000000000000003,642.953,Ember Yearly Electricity Data,2026-10-09
Senegal,SEN,2001,Solar,0.0,0.0,0.0,,Ember Yearly Electricity Data,2026-10-09
Senegal,SEN,2001,Wind,0.0,0.0,0.0,,Ember Yearly Electricity Data,2026-10-09
Senegal,SEN,2001,Hydro,0.0,0.0,0.0,,Ember Yearly Electricity Data,2026-10-09
Senegal,SEN,2001,Bioenergy,0.06,3.352,0.0,216.667,Ember Yearly Electricity Data,2026-10-09
Senegal,SEN,2001,Renewables,0.06,3.352,0.0,216.667,Ember Yearly Electricity Data,2026-10-09
Senegal,SEN,2001,Fossil,1.73,96.648,0.41000000000000003,657.803,Ember Yearly Electricity Data,2026-10-09
Senegal,SEN,2001,Total generation,1.79,100.0,0.41000000000000003,643.017,Ember Yearly Electricity Data,2026-10-09
Senegal,SEN,2002,Solar,0.0,0.0,0.0,,Ember Yearly Electricity Data,2026-10-09
Senegal,SEN,2002,Wind,0.0,0.0,0.0,,Ember Yearly Electricity Data,2026-10-09
Senegal,SEN,2002,Hydro,0.19,9.135,0.0,26.316,Ember Yearly Electricity Data,2026-10-09
Senegal,SEN,2002,Bioenergy,0.07,3.365,0.0,214.286,Ember Yearly Electricity Data,2026-10-09
Senegal,SEN,2002,Renewables,0.26,12.5,0.0,76.923,Ember Yearly Electricity Data,2026-10-09
Senegal,SEN,2002,Fossil,1.82,87.5,0.41000000000000003,659.89,Ember Yearly Electricity Data,2026-10-09
Senegal,SEN,2002,Total generation,2.08,100.0,0.41000000000000003,586.538,Ember Yearly Electricity Data,2026-10-09
Senegal,SEN,2003,Solar,0.0,0.0,0.0,,Ember Yearly Electricity Data,2026-10-09
Senegal,SEN,2003,Wind,0.0,0.0,0.0,,Ember Yearly Electricity Data,2026-10-09
Senegal,SEN,2003,Hydro,0.33,14.163,0.0,24.242,Ember Yearly Electricity Data,2026-10-09
Senegal,SEN,2003,Bioenergy,0.05,2.146,0.0,220.0,Ember Yearly Electricity Data,2026-10-09
Senegal,SEN,2003,Renewables,0.38,16.309,0.0,50.0,Ember Yearly Electricity Data,2026-10-09
Senegal,SEN,2003,Fossil,1.95,83.691,0.41000000000000003,666.154,Ember Yearly Electricity Data,2026-10-09
Senegal,SEN,2003,Total generation,2.33,100.0,0.41000000000000003,565.665,Ember Yearly Electricity Data,2026-10-09
Senegal,SEN,2004,Solar,0.0,0.0,0.0,,Ember Yearly Electricity Data,2026-10-09
Senegal,SEN,2004,Wind,0.0,0.0,0.0,,Ember Yearly Electricity Data,2026-10-09
Senegal,SEN,2004,Hydro,0.29,12.134,0.0,24.138,Ember Yearly Electricity Data,2026-10-09
Senegal,SEN,2004,Bioenergy,0.04,1.674,0.0,225.0,Ember Yearly Electricity Data,2026-10-09
Senegal,SEN,2004,Renewables,0.33,13.808,0.0,48.485,Ember Yearly Electricity Data,2026-10-09
Senegal,SEN,2004,Fossil,2.06,86.192,0.41000000000000003,667.476,Ember Yearly Electricity Data,2026-10-09
Senegal,SEN,2004,Total generation,2.39,100.0,0.41000000000000003,581.59,Ember Yearly Electricity Data,2026-10-09
Senegal,SEN,2005,Solar,0.0,0.0,0.0,,Ember Yearly Electricity Data,2026-10-09
Senegal,SEN,2005,Wind,0.0,0.0,0.0,,Ember Yearly Electricity Data,2026-10-09
Senegal,SEN,2005,Hydro,0.26,9.811,0.0,23.077,Ember Yearly Electricity Data,2026-10-09
Senegal,SEN,2005,Bioenergy,0.05,1.887,0.0,220.0,Ember Yearly Electricity Data,2026-10-09
Senegal,SEN,2005,Renewables,0.31,11.698,0.0,54.839,Ember Yearly Electricity Data,2026-10-09
Senegal,SEN,2005,Fossil,2.34,88.302,0.41000000000000003,666.239,Ember Yearly Electricity Data,2026-10-09
Senegal,SEN,2005,Total generation,2.65,100.0,0.41000000000000003,594.717,Ember Yearly Electricity Data,2026-10-09
Senegal,SEN,2006,Solar,0.0,0.0,0.0,,Ember Yearly Electricity Data,2026-10-09
Senegal,SEN,2006,Wind,0.0,0.0,0.0,,Ember Yearly Electricity Data,2026-10-09
Senegal,SEN,2006,Hydro,0.23,8.712,0.0,21.739,Ember Yearly Electricity Data,2026-10-09
Senegal,SEN,2006,Bioenergy,0.05,1.894,0.0,220.0,Ember Yearly Electricity Data,2026-10-09
Senegal,SEN,2006,Renewables,0.28,10.606,0.0,57.143,Ember Yearly Electricity Data,2026-10-09
Senegal,SEN,2006,Fossil,2.36,89.394,0.46,664.831,Ember Yearly Electricity Data,2026-10-09
Senegal,SEN,2006,Total generation,2.64,100.0,0.46,600.379,Ember Yearly Electricity Data,2026-10-09
Senegal,SEN,2007,Solar,0.0,0.0,0.0,,Ember Yearly Electricity Data,2026-10-09
Senegal,SEN,2007,Wind,0.0,0.0,0.0,,Ember Yearly Electricity Data,2026-10-09
Senegal,SEN,2007,Hydro,0.18,6.429,0.0,22.222,Ember Yearly Electricity Data,2026-10-09
Senegal,SEN,2007,Bioenergy,0.04,1.429,0.0,225.0,Ember Yearly Electricity Data,2026-10-09
Senegal,SEN,2007,Renewables,0.22,7.857,0.0,59.091,Ember Yearly Electricity Data,2026-10-09
Senegal,SEN,2007,Fossil,2.58,92.143,0.46,664.341,Ember Yearly Electricity Data,2026-10-09
Senegal,SEN,2007,Total generation,2.8,100.0,0.46,616.786,Ember Yearly Electricity Data,2026-10-09
Senegal,SEN,2008,Solar,0.0,0.0,0.0,,Ember Yearly Electricity Data,2026-10-09
Senegal,SEN,2008,Wind,0.0,0.0,0.0,,Ember Yearly Electricity Data,2026-10-09
Senegal,SEN,2008,Hydro,0.23,7.77,0.0,21.739,Ember Yearly Electricity Data,2026-10-09
Senegal,SEN,2008,Bioenergy,0.04,1.351,0.0,225.0,Ember Yearly Electricity Data,2026-10-09
Senegal,SEN,2008,Renewables,0.27,9.122,0.0,51.852,Ember Yearly Electricity Data,2026-10-09
Senegal,SEN,2008,Fossil,2.69,90.878,0.54,663.941,Ember Yearly Electricity Data,2026-10-09
Senegal,SEN,2008,Total generation,2.96,100.0,0.54,608.108,Ember Yearly Electricity Data,2026-10-09
Senegal,SEN,2009,Solar,0.0,0.0,0.0,,Ember Yearly Electricity Data,2026-10-09
Senegal,SEN,2009,Wind,0.0,0.0,0.0,,Ember Yearly Electricity Data,2026-10-09
Senegal,SEN,2009,Hydro,0.24,7.869,0.0,25.0,Ember Yearly Electricity Data,2026-10-09
Senegal,SEN,2009,Bioenergy,0.05,1.639,0.0,220.0,Ember Yearly Electricity Data,2026-10-09
Senegal,SEN,2009,Renewables,0.29,9.508,0.0,58.621,Ember Yearly Electricity Data,2026-10-09
Senegal,SEN,2009,Fossil,2.76,90.492,0.54,663.768,Ember Yearly Electricity Data,2026-10-09
Senegal,SEN,2009,Total generation,3.05,100.0,0.54,606.23,Ember Yearly Electricity Data,2026-10-09
Senegal,SEN,2010,Solar,0.0,0.0,0.01,,Ember Yearly Electricity Data,2026-10-09
Senegal,SEN,2010,Wind,0.0,0.0,0.0,,Ember Yearly Electricity Data,2026-10-09
Senegal,SEN,2010,Hydro,0.25,7.74,0.0,24.0,Ember Yearly Electricity Data,2026-10-09
Senegal,SEN,2010,Bioenergy,0.07,2.167,0.05,214.286,Ember Yearly Electricity Data,2026-10-09
Senegal,SEN,2010,Renewables,0.32,9.907,0.060000000000000005,65.625,Ember Yearly Electricity Data,2026-10-09
Senegal,SEN,2010,Fossil,2.91,90.093,0.53,667.01,Ember Yearly Electricity Data,2026-10-09
Senegal,SEN,2010,Total generation,3.23,100.0,0.5900000000000001,607.43,Ember Yearly Electricity Data,2026-10-09
Senegal,SEN,2011,Solar,0.0,0.0,0.01,,Ember Yearly Electricity Data,2026-10-09
Senegal,SEN,2011,Wind,0.0,0.0,0.0,,Ember Yearly Electricity Data,2026-10-09
Senegal,SEN,2011,Hydro,0.25,7.599,0.0,24.0,Ember Yearly Electricity Data,2026-10-09
Senegal,SEN,2011,Bioenergy,0.08,2.432,0.05,212.5,Ember Yearly Electricity Data,2026-10-09
Senegal,SEN,2011,Renewables,0.33,10.03,0.060000000000000005,69.697,Ember Yearly Electricity Data,2026-10-09
Senegal,SEN,2011,Fossil,2.96,89.97,0.56,664.527,Ember Yearly Electricity Data,2026-10-09
Senegal,SEN,2011,Total generation,3.29,100.0,0.6200000000000001,604.863,Ember Yearly Electricity Data,2026-10-09
Senegal,SEN,2012,Solar,0.0,0.0,0.01,,Ember Yearly Electricity Data,2026-10-09
Senegal,SEN,2012,Wind,0.0,0.0,0.0,,Ember Yearly Electricity Data,2026-10-09
Senegal,SEN,2012,Hydro,0.29,8.011,0.0,24.138,Ember Yearly Electricity Data,2026-10-09
Senegal,SEN,2012,Bioenergy,0.05,1.381,0.05,220.0,Ember Yearly Electricity Data,2026-10-09
Senegal,SEN,2012,Renewables,0.34,9.392,0.060000000000000005,52.941,Ember Yearly Electricity Data,2026-10-09
Senegal,SEN,2012,Fossil,3.28,90.608,0.57,671.646,Ember Yearly Electricity Data,2026-10-09
Senegal,SEN,2012,Total generation,3.62,100.0,0.63,613.536,Ember Yearly Electricity Data,2026-10-09
Senegal,SEN,2013,Solar,0.0,0.0,0.01,,Ember Yearly Electricity Data,2026-10-09
Senegal,SEN,2013,Wind,0.0,0.0,0.0,,Ember Yearly Electricity Data,2026-10-09
Senegal,SEN,2013,Hydro,0.31,8.136,0.0,22.581,Ember Yearly Electricity Data,2026-10-09
Senegal,SEN,2013,Bioenergy,0.06,1.575,0.05,216.667,Ember Yearly Electricity Data,2026-10-09
Senegal,SEN,2013,Renewables,0.37,9.711,0.060000000000000005,54.054,Ember Yearly Electricity Data,2026-10-09
Senegal,SEN,2013,Fossil,3.44,90.289,0.59,672.093,Ember Yearly Electricity Data,2026-10-09
Senegal,SEN,2013,Total generation,3.81,100.0,0.65,612.073,Ember Yearly Electricity Data,2026-10-09
Senegal,SEN,2014,Solar,0.0,0.0,0.01,,Ember Yearly Electricity Data,2026-10-09
Senegal,SEN,2014,Wind,0.0,0.0,0.0,,Ember Yearly Electricity Data,2026-10-09
Senegal,SEN,2014,Hydro,0.31,7.416,0.0,22.581,Ember Yearly Electricity Data,2026-10-09
Senegal,SEN,2014,Bioenergy,0.07,1.675,0.05,214.286,Ember Yearly Electricity Data,2026-10-09
Senegal,SEN,2014,Renewables,0.38,9.091,0.060000000000000005,57.895,Ember Yearly Electricity Data,2026-10-09
Senegal,SEN,2014,Fossil,3.8,90.909,0.61,670.0,Ember Yearly Electricity Data,2026-10-09
Senegal,SEN,2014,Total generation,4.18,100.0,0.67,614.593,Ember Yearly Electricity Data,2026-10-09
Senegal,SEN,2015,Solar,0.0,0.0,0.01,,Ember Yearly Electricity Data,2026-10-09
Senegal,SEN,2015,Wind,0.0,0.0,0.0,,Ember Yearly Electricity Data,2026-10-09
Senegal,SEN,2015,Hydro,0.33,7.432,0.0,24.242,Ember Yearly Electricity Data,2026-10-09
Senegal,SEN,2015,Bioenergy,0.07,1.577,0.05,214.286,Ember Yearly Electricity Data,2026-10-09
Senegal,SEN,2015,Renewables,0.4,9.009,0.060000000000000005,57.5,Ember Yearly Electricity Data,2026-10-09
Senegal,SEN,2015,Fossil,4.04,90.991,0.61,674.257,Ember Yearly Electricity Data,2026-10-09
Senegal,SEN,2015,Total generation,4.44,100.0,0.67,618.694,Ember Yearly Electricity Data,2026-10-09
Senegal,SEN,2016,Solar,0.01,0.209,0.05,0.0,Ember Yearly Electricity Data,2026-10-09
Senegal,SEN,2016,Wind,0.0,0.0,0.0,,Ember Yearly Electricity Data,2026-10-09
Senegal,SEN,2016,Hydro,0.36,7.531,0.0,25.0,Ember Yearly Electricity Data,2026-10-09
Senegal,SEN,2016,Bioenergy,0.06,1.255,0.05,216.667,Ember Yearly Electricity Data,2026-10-09
Senegal,SEN,2016,Renewables,0.43,8.996,0.1,51.163,Ember Yearly Electricity Data,2026-10-09
Senegal,SEN,2016,Fossil,4.35,91.004,0.73,681.839,Ember Yearly Electricity Data,2026-10-09
Senegal,SEN,2016,Total generation,4.78,100.0,0.8300000000000001,625.105,Ember Yearly Electricity Data,2026-10-09
Senegal,SEN,2017,Solar,0.09,1.907,0.09,44.444,Ember Yearly Electricity Data,2026-10-09
Senegal,SEN,2017,Wind,0.0,0.0,0.0,,Ember Yearly Electricity Data,2026-10-09
Senegal,SEN,2017,Hydro,0.36,7.627,0.0,25.0,Ember Yearly Electricity Data,2026-10-09
Senegal,SEN,2017,Bioenergy,0.08,1.695,0.05,212.5,Ember Yearly Electricity Data,2026-10-09
Senegal,SEN,2017,Renewables,0.53,11.229,0.14,56.604,Ember Yearly Electricity Data,2026-10-09
Senegal,SEN,2017,Fossil,4.19,88.771,0.73,677.327,Ember Yearly Electricity Data,2026-10-09
Senegal,SEN,2017,Total generation,4.72,100.0,0.87,607.627,Ember Yearly Electricity Data,2026-10-09
Senegal,SEN,2018,Solar,0.25,5.061,0.14,48.0,Ember Yearly Electricity Data,2026-10-09
Senegal,SEN,2018,Wind,0.0,0.0,0.0,,Ember Yearly Electricity Data,2026-10-09
Senegal,SEN,2018,Hydro,0.36,7.287,0.0,25.0,Ember Yearly Electricity Data,2026-10-09
Senegal,SEN,2018,Bioenergy,0.09,1.822,0.05,211.111,Ember Yearly Electricity Data,2026-10-09
Senegal,SEN,2018,Renewables,0.7,14.17,0.19,57.143,Ember Yearly Electricity Data,2026-10-09
Senegal,SEN,2018,Fossil,4.24,85.83,0.8799999999999999,684.198,Ember Yearly Electricity Data,2026-10-09
Senegal,SEN,2018,Total generation,4.94,100.0,1.0699999999999998,595.344,Ember Yearly Electricity Data,2026-10-09
Senegal,SEN,2019,Solar,0.33,5.67,0.16,48.485,Ember Yearly Electricity Data,2026-10-09
Senegal,SEN,2019,Wind,0.02,0.344,0.06,0.0,Ember Yearly Electricity Data,2026-10-09
Senegal,SEN,2019,Hydro,0.31,5.326,0.0,22.581,Ember Yearly Electricity Data,2026-10-09
Senegal,SEN,2019,Bioenergy,0.12,2.062,0.05,216.667,Ember Yearly Electricity Data,2026-10-09
Senegal,SEN,2019,Renewables,0.78,13.402,0.27,62.821,Ember Yearly Electricity Data,2026-10-09
Senegal,SEN,2019,Fossil,5.04,86.598,0.8700000000000001,691.865,Ember Yearly Electricity Data,2026-10-09
Senegal,SEN,2019,Total generation,5.82,100.0,1.1400000000000001,607.732,Ember Yearly Electricity Data,2026-10-09
Senegal,SEN,2020,Solar,0.38,6.271,0.16,47.368,Ember Yearly Electricity Data,2026-10-09
Senegal,SEN,2020,Wind,0.22,3.63,0.16,9.091,Ember Yearly Electricity Data,2026-10-09
Senegal,SEN,2020,Hydro,0.31,5.116,0.0,22.581,Ember Yearly Electricity Data,2026-10-09
Senegal,SEN,2020,Bioenergy,0.11,1.815,0.05,218.182,Ember Yearly Electricity Data,2026-10-09
Senegal,SEN,2020,Renewables,1.02,16.832,0.37,50.0,Ember Yearly Electricity Data,2026-10-09
Senegal,SEN,2020,Fossil,5.04,83.168,0.8700000000000001,667.063,Ember Yearly Electricity Data,2026-10-09
Senegal,SEN,2020,Total generation,6.06,100.0,1.24,563.366,Ember Yearly Electricity Data,2026-10-09
Senegal,SEN,2021,Solar,0.54,8.108,0.23,48.148,Ember Yearly Electricity Data,2026-10-09
Senegal,SEN,2021,Wind,0.4,6.006,0.16,10.0,Ember Yearly Electricity Data,2026-10-09
Senegal,SEN,2021,Hydro,0.31,4.655,0.0,22.581,Ember Yearly Electricity Data,2026-10-09
Senegal,SEN,2021,Bioenergy,0.1,1.502,0.05,220.0,Ember Yearly Electricity Data,2026-10-09
Senegal,SEN,2021,Renewables,1.35,20.27,0.44000000000000006,42.963,Ember Yearly Electricity Data,2026-10-09
Senegal,SEN,2021,Fossil,5.31,79.73,1.0,674.2,Ember Yearly Electricity Data,2026-10-09
Senegal,SEN,2021,Total generation,6.66,100.0,1.44,546.396,Ember Yearly Electricity Data,2026-10-09
Senegal,SEN,2022,Solar,0.59,8.24,0.23,47.458,Ember Yearly Electricity Data,2026-10-09
Senegal,SEN,2022,Wind,0.4,5.587,0.16,10.0,Ember Yearly Electricity Data,2026-10-09
Senegal,SEN,2022,Hydro,0.31,4.33,0.0,22.581,Ember Yearly Electricity Data,2026-10-09
Senegal,SEN,2022,Bioenergy,0.11,1.536,0.05,218.182,Ember Yearly Electricity Data,2026-10-09
Senegal,SEN,2022,Renewables,1.41,19.693,0.44000000000000006,44.681,Ember Yearly Electricity Data,2026-10-09
Senegal,SEN,2022,Fossil,5.75,80.307,1.12,675.478,Ember Yearly Electricity Data,2026-10-09
Senegal,SEN,2022,Total generation,7.16,100.0,1.56,551.257,Ember Yearly Electricity Data,2026-10-09
Senegal,SEN,2023,Solar,0.59,7.195,0.23,47.458,Ember Yearly Electricity Data,2026-10-09
Senegal,SEN,2023,Wind,0.38,4.634,0.16,10.526,Ember Yearly Electricity Data,2026-10-09
Senegal,SEN,2023,Hydro,0.31,3.78,0.0,22.581,Ember Yearly Electricity Data,2026-10-09
Senegal,SEN,2023,Bioenergy,0.11,1.341,0.05,218.182,Ember Yearly Electricity Data,2026-10-09
Senegal,SEN,2023,Renewables,1.39,16.951,0.44000000000000006,45.324,Ember Yearly Electricity Data,2026-10-09
Senegal,SEN,2023,Fossil,6.81,83.049,1.12,661.527,Ember Yearly Electricity Data,2026-10-09
Senegal,SEN,2023,Total generation,8.2,100.0,1.56,557.073,Ember Yearly Electricity Data,2026-10-09
Senegal,SEN,2024,Solar,0.68,8.912,0.27,47.059,Ember Yearly Electricity Data,2026-10-09
Senegal,SEN,2024,Wind,0.41,5.374,0.16,9.756,Ember Yearly Electricity Data,2026-10-09
Senegal,SEN,2024,Hydro,0.31,4.063,0.0,22.581,Ember Yearly Electricity Data,2026-10-09
Senegal,SEN,2024,Bioenergy,0.11,1.442,0.05,218.182,Ember Yearly Electricity Data,2026-10-09
Senegal,SEN,2024,Renewables,1.51,19.79,0.48,44.371,Ember Yearly Electricity Data,2026-10-09
Senegal,SEN,2024,Fossil,6.12,80.21,1.45,662.255,Ember Yearly Electricity Data,2026-10-09
Senegal,SEN,2024,Total generation,7.63,100.0,1.93,540.105,Ember Yearly Electricity Data,2026-10-09
South Africa,ZAF,2000,Solar,0.0,0.0,0.0,,Ember Yearly Electricity Data,2026-10-09
South Africa,ZAF,2000,Wind,0.0,0.0,0.0,,Ember Yearly Electricity Data,2026-10-09
South Africa,ZAF,2000,Hydro,1.1,0.522,1.01,23.636,Ember Yearly Electricity Data,2026-10-09
South Africa,ZAF,2000,Bioenergy,0.48,0.228,0.24,216.667,Ember Yearly Electricity Data,2026-10-09
South Africa,ZAF,2000,Renewables,1.58,0.75,1.25,82.278,Ember Yearly Electricity Data,2026-10-09
South Africa,ZAF,2000,Fossil,196.07,93.074,38.730000000000004,857.887,Ember Yearly Electricity Data,2026-10-09
South Africa,ZAF,2000,Total generation,210.66,100.0,41.92,799.411,Ember Yearly Electricity Data,2026-10-09
South Africa,ZAF,2001,Solar,0.0,0.0,0.0,,Ember Yearly Electricity Data,2026-10-09
South Africa,ZAF,2001,Wind,0.0,0.0,0.0,,Ember Yearly Electricity Data,2026-10-09
South Africa,ZAF,2001,Hydro,1.72,0.819,1.04,23.837,Ember Yearly Electricity Data,2026-10-09
South Africa,ZAF,2001,Bioenergy,0.42,0.2,0.24,216.667,Ember Yearly Electricity Data,2026-10-09
South Africa,ZAF,2001,Renewables,2.14,1.019,1.28,61.682,Ember Yearly Electricity Data,2026-10-09
South Africa,ZAF,2001,Fossil,197.23,93.879,39.45,857.887,Ember Yearly Electricity Data,2026-10-09
South Africa,ZAF,2001,Total generation,210.09,100.0,42.67,806.264,Ember Yearly Electricity Data,2026-10-09
South Africa,ZAF,2002,Solar,0.02,0.009,0.0,50.0,Ember Yearly Electricity Data,2026-10-09
South Africa,ZAF,2002,Wind,0.0,0.0,0.0,,Ember Yearly Electricity Data,2026-10-09
South Africa,ZAF,2002,Hydro,2.08,0.943,1.04,23.558,Ember Yearly Electricity Data,2026-10-09
South Africa,ZAF,2002,Bioenergy,0.46,0.209,0.24,215.217,Ember Yearly Electricity Data,2026-10-09
South Africa,ZAF,2002,Renewables,2.56,1.161,1.28,58.594,Ember Yearly Electricity Data,2026-10-09
South Africa,ZAF,2002,Fossil,206.03,93.404,39.45,857.885,Ember Yearly Electricity Data,2026-10-09
South Africa,ZAF,2002,Total generation,220.58,100.0,42.67,802.258,Ember Yearly Electricity Data,2026-10-09
South Africa,ZAF,2003,Solar,0.02,0.009,0.0,50.0,Ember Yearly Electricity Data,2026-10-09
South Africa,ZAF,2003,Wind,0.01,0.004,0.0,0.0,Ember Yearly Electricity Data,2026-10-09
South Africa,ZAF,2003,Hydro,0.83,0.354,1.34,24.096,Ember Yearly Electricity Data,2026-10-09
South Africa,ZAF,2003,Bioenergy,0.41,0.175,0.24,217.073,Ember Yearly Electricity Data,2026-10-09
South Africa,ZAF,2003,Renewables,1.27,0.542,1.58,85.827,Ember Yearly Electricity Data,2026-10-09
South Africa,ZAF,2003,Fossil,220.31,94.053,39.45,857.887,Ember Yearly Electricity Data,2026-10-09
South Africa,ZAF,2003,Total generation,234.24,100.0,42.970000000000006,807.616,Ember Yearly Electricity Data,2026-10-09
South Africa,ZAF,2004,Solar,0.02,0.008,0.0,50.0,Ember Yearly Electricity Data,2026-10-09
South Africa,ZAF,2004,Wind,0.01,0.004,0.0,0.0,Ember Yearly Electricity Data,2026-10-09
South Africa,ZAF,2004,Hydro,0.95,0.388,0.7,24.211,Ember Yearly Electricity Data,2026-10-09
South Africa,ZAF,2004,Bioenergy,0.38,0.155,0.24,215.789,Ember Yearly Electricity Data,2026-10-09
South Africa,ZAF,2004,Renewables,1.36,0.556,0.94,77.941,Ember Yearly Electricity Data,2026-10-09
South Africa,ZAF,2004,Fossil,229.88,93.978,39.45,857.887,Ember Yearly Electricity Data,2026-10-09
South Africa,ZAF,2004,Total generation,244.61,100.0,42.330000000000005,806.942,Ember Yearly Electricity Data,2026-10-09
South Africa,ZAF,2005,Solar,0.02,0.008,0.0,50.0,Ember Yearly Electricity Data,2026-10-09
South Africa,ZAF,2005,Wind,0.01,0.004,0.0,0.0,Ember Yearly Electricity Data,2026-10-09
South Africa,ZAF,2005,Hydro,1.33,0.543,0.7,24.06,Ember Yearly Electricity Data,2026-10-09
South Africa,ZAF,2005,Bioenergy,0.43,0.176,0.24,216.279,Ember Yearly Electricity Data,2026-10-09
South Africa,ZAF,2005,Renewables,1.79,0.731,0.94,70.391,Ember Yearly Electricity Data,2026-10-09
South Africa,ZAF,2005,Fossil,231.85,94.66,39.45,857.779,Ember Yearly Electricity Data,2026-10-09
South Africa,ZAF,2005,Total generation,244.93,100.0,42.330000000000005,812.722,Ember Yearly Electricity Data,2026-10-09
South Africa,ZAF,2006,Solar,0.02,0.008,0.0,50.0,Ember Yearly Electricity Data,2026-10-09
South Africa,ZAF,2006,Wind,0.01,0.004,0.0,0.0,Ember Yearly Electricity Data,2026-10-09
South Africa,ZAF,2006,Hydro,2.9,1.143,0.7,23.793,Ember Yearly Electricity Data,2026-10-09
South Africa,ZAF,2006,Bioenergy,0.41,0.162,0.24,217.073,Ember Yearly Electricity Data,2026-10-09
South Africa,ZAF,2006,Renewables,3.34,1.316,0.94,47.605,Ember Yearly Electricity Data,2026-10-09
South Africa,ZAF,2006,Fossil,240.44,94.732,39.45,857.865,Ember Yearly Electricity Data,2026-10-09
South Africa,ZAF,2006,Total generation,253.81,100.0,42.330000000000005,813.502,Ember Yearly Electricity Data,2026-10-09
South Africa,ZAF,2007,Solar,0.02,0.008,0.0,50.0,Ember Yearly Electricity Data,2026-10-09
South Africa,ZAF,2007,Wind,0.01,0.004,0.0,0.0,Ember Yearly Electricity Data,2026-10-09
South Africa,ZAF,2007,Hydro,2.87,1.089,0.7,23.693,Ember Yearly Electricity Data,2026-10-09
South Africa,ZAF,2007,Bioenergy,0.43,0.163,0.25,216.279,Ember Yearly Electricity Data,2026-10-09
South Africa,ZAF,2007,Renewables,3.33,1.264,0.95,48.649,Ember Yearly Electricity Data,2026-10-09
South Africa,ZAF,2007,Fossil,248.84,94.44,40.49,856.848,Ember Yearly Electricity Data,2026-10-09
South Africa,ZAF,2007,Total generation,263.49,100.0,43.38,810.042,Ember Yearly Electricity Data,2026-10-09
South Africa,ZAF,2008,Solar,0.02,0.008,0.0,50.0,Ember Yearly Electricity Data,2026-10-09
South Africa,ZAF,2008,Wind,0.02,0.008,0.01,0.0,Ember Yearly Electricity Data,2026-10-09
South Africa,ZAF,2008,Hydro,1.26,0.488,0.7,23.81,Ember Yearly Electricity Data,2026-10-09
South Africa,ZAF,2008,Bioenergy,0.46,0.178,0.25,215.217,Ember Yearly Electricity Data,2026-10-09
South Africa,ZAF,2008,Renewables,1.76,0.681,0.96,74.432,Ember Yearly Electricity Data,2026-10-09
South Africa,ZAF,2008,Fossil,243.53,94.285,40.49,857.668,Ember Yearly Electricity Data,2026-10-09
South Africa,ZAF,2008,Total generation,258.29,100.0,43.39,809.424,Ember Yearly Electricity Data,2026-10-09
South Africa,ZAF,2009,Solar,0.02,0.008,0.0,50.0,Ember Yearly Electricity Data,2026-10-09
South Africa,ZAF,2009,Wind,0.03,0.012,0.01,0.0,Ember Yearly Electricity Data,2026-10-09
South Africa,ZAF,2009,Hydro,1.45,0.581,0.72,23.448,Ember Yearly Electricity Data,2026-10-09
South Africa,ZAF,2009,Bioenergy,0.45,0.18,0.25,215.556,Ember Yearly Electricity Data,2026-10-09
South Africa,ZAF,2009,Renewables,1.95,0.781,0.98,68.205,Ember Yearly Electricity Data,2026-10-09
South Africa,ZAF,2009,Fossil,234.8,94.086,41.53,857.832,Ember Yearly Electricity Data,2026-10-09
South Africa,ZAF,2009,Total generation,249.56,100.0,44.449999999999996,807.894,Ember Yearly Electricity Data,2026-10-09
South Africa,ZAF,2010,Solar,0.02,0.008,0.0,50.0,Ember Yearly Electricity Data,2026-10-09
South Africa,ZAF,2010,Wind,0.03,0.012,0.01,0.0,Ember Yearly Electricity Data,2026-10-09
South Africa,ZAF,2010,Hydro,1.14,0.439,0.73,23.684,Ember Yearly Electricity Data,2026-10-09
South Africa,ZAF,2010,Bioenergy,0.4,0.154,0.25,215.0,Ember Yearly Electricity Data,2026-10-09
South Africa,ZAF,2010,Renewables,1.59,0.613,0.99,72.327,Ember Yearly Electricity Data,2026-10-09
South Africa,ZAF,2010,Fossil,244.47,94.175,41.53,856.796,Ember Yearly Electricity Data,2026-10-09
South Africa,ZAF,2010,Total generation,259.59,100.0,44.459999999999994,807.604,Ember Yearly Electricity Data,2026-10-09
South Africa,ZAF,2011,Solar,0.02,0.008,0.01,50.0,Ember Yearly Electricity Data,2026-10-09
South Africa,ZAF,2011,Wind,0.04,0.015,0.01,0.0,Ember Yearly Electricity Data,2026-10-09
South Africa,ZAF,2011,Hydro,3.06,1.166,0.74,23.856,Ember Yearly Electricity Data,2026-10-09
South Africa,ZAF,2011,Bioenergy,0.41,0.156,0.25,217.073,Ember Yearly Electricity Data,2026-10-09
South Africa,ZAF,2011,Renewables,3.53,1.345,1.01,46.176,Ember Yearly Electricity Data,2026-10-09
South Africa,ZAF,2011,Fossil,246.05,93.74,41.81,856.306,Ember Yearly Electricity Data,2026-10-09
South Africa,ZAF,2011,Total generation,262.48,100.0,44.76,803.577,Ember Yearly Electricity Data,2026-10-09
South Africa,ZAF,2012,Solar,0.03,0.012,0.01,33.333,Ember Yearly Electricity Data,2026-10-09
South Africa,ZAF,2012,Wind,0.04,0.016,0.01,0.0,Ember Yearly Electricity Data,2026-10-09
South Africa,ZAF,2012,Hydro,1.02,0.396,0.74,23.529,Ember Yearly Electricity Data,2026-10-09
South Africa,ZAF,2012,Bioenergy,0.42,0.163,0.25,216.667,Ember Yearly Electricity Data,2026-10-09
South Africa,ZAF,2012,Renewables,1.51,0.586,1.01,77.483,Ember Yearly Electricity Data,2026-10-09
South Africa,ZAF,2012,Fossil,243.39,94.385,41.81,854.287,Ember Yearly Electricity Data,2026-10-09
South Africa,ZAF,2012,Total generation,257.87,100.0,44.76,807.031,Ember Yearly Electricity Data,2026-10-09
South Africa,ZAF,2013,Solar,0.05,0.02,0.26,40.0,Ember Yearly Electricity Data,2026-10-09
South Africa,ZAF,2013,Wind,0.04,0.016,0.26,0.0,Ember Yearly Electricity Data,2026-10-09
South Africa,ZAF,2013,Hydro,1.1,0.43,0.74,23.636,Ember Yearly Electricity Data,2026-10-09
South Africa,ZAF,2013,Bioenergy,0.48,0.188,0.25,216.667,Ember Yearly Electricity Data,2026-10-09
South Africa,ZAF,2013,Renewables,1.67,0.652,1.51,79.641,Ember Yearly Electricity Data,2026-10-09
South Africa,ZAF,2013,Fossil,240.17,93.835,41.81,851.376,Ember Yearly Electricity Data,2026-10-09
South Africa,ZAF,2013,Total generation,255.95,100.0,45.26,799.691,Ember Yearly Electricity Data,2026-10-09
South Africa,ZAF,2014,Solar,1.08,0.424,1.16,47.222,Ember Yearly Electricity Data,2026-10-09
South Africa,ZAF,2014,Wind,1.07,0.42,0.57,9.346,Ember Yearly Electricity Data,2026-10-09
South Africa,ZAF,2014,Hydro,1.8,0.707,0.73,23.889,Ember Yearly Electricity Data,2026-10-09
South Africa,ZAF,2014,Bioenergy,0.36,0.141,0.25,216.667,Ember Yearly Electricity Data,2026-10-09
South Africa,ZAF,2014,Renewables,4.31,1.692,2.7099999999999995,42.227,Ember Yearly Electricity Data,2026-10-09
South Africa,ZAF,2014,Fossil,236.67,92.896,41.81,851.054,Ember Yearly Electricity Data,2026-10-09
South Africa,ZAF,2014,Total generation,254.77,100.0,46.459999999999994,791.588,Ember Yearly Electricity Data,2026-10-09
South Africa,ZAF,2015,Solar,2.4,0.96,1.35,47.5,Ember Yearly Electricity Data,2026-10-09
South Africa,ZAF,2015,Wind,3.07,1.228,1.08,9.772,Ember Yearly Electricity Data,2026-10-09
South Africa,ZAF,2015,Hydro,0.73,0.292,0.75,23.288,Ember Yearly Electricity Data,2026-10-09
South Africa,ZAF,2015,Bioenergy,0.32,0.128,0.25,215.625,Ember Yearly Electricity Data,2026-10-09
South Africa,ZAF,2015,Renewables,6.52,2.607,3.43,35.276,Ember Yearly Electricity Data,2026-10-09
South Africa,ZAF,2015,Fossil,231.29,92.498,42.94,853.854,Ember Yearly Electricity Data,2026-10-09
South Africa,ZAF,2015,Total generation,250.05,100.0,48.309999999999995,790.97,Ember Yearly Electricity Data,2026-10-09
South Africa,ZAF,2016,Solar,3.01,1.191,1.9,47.508,Ember Yearly Electricity Data,2026-10-09
South Africa,ZAF,2016,Wind,4.21,1.665,1.47,9.739,Ember Yearly Electricity Data,2026-10-09
South Africa,ZAF,2016,Hydro,0.62,0.245,0.75,24.194,Ember Yearly Electricity Data,2026-10-09
South Africa,ZAF,2016,Bioenergy,0.33,0.131,0.26,215.152,Ember Yearly Electricity Data,2026-10-09
South Africa,ZAF,2016,Renewables,8.17,3.232,4.38,33.048,Ember Yearly Electricity Data,2026-10-09
South Africa,ZAF,2016,Fossil,229.61,90.823,43.61,856.687,Ember Yearly Electricity Data,2026-10-09
South Africa,ZAF,2016,Total generation,252.81,100.0,49.92999999999999,779.447,Ember Yearly Electricity Data,2026-10-09
South Africa,ZAF,2017,Solar,3.94,1.544,2.21,47.462,Ember Yearly Electricity Data,2026-10-09
South Africa,ZAF,2017,Wind,7.02,2.751,2.09,9.687,Ember Yearly Electricity Data,2026-10-09
South Africa,ZAF,2017,Hydro,0.78,0.306,0.75,24.359,Ember Yearly Electricity Data,2026-10-09
South Africa,ZAF,2017,Bioenergy,0.39,0.153,0.26,215.385,Ember Yearly Electricity Data,2026-10-09
South Africa,ZAF,2017,Renewables,12.13,4.754,5.31,29.514,Ember Yearly Electricity Data,2026-10-09
South Africa,ZAF,2017,Fossil,228.82,89.684,45.2,855.485,Ember Yearly Electricity Data,2026-10-09
South Africa,ZAF,2017,Total generation,255.14,100.0,52.45,768.923,Ember Yearly Electricity Data,2026-10-09
South Africa,ZAF,2018,Solar,4.54,1.771,2.51,47.577,Ember Yearly Electricity Data,2026-10-09
South Africa,ZAF,2018,Wind,6.41,2.501,2.09,9.672,Ember Yearly Electricity Data,2026-10-09
South Africa,ZAF,2018,Hydro,1.1,0.429,0.75,23.636,Ember Yearly Electricity Data,2026-10-09
South Africa,ZAF,2018,Bioenergy,0.43,0.168,0.26,216.279,Ember Yearly Electricity Data,2026-10-09
South Africa,ZAF,2018,Renewables,12.48,4.869,5.609999999999999,31.811,Ember Yearly Electricity Data,2026-10-09
South Africa,ZAF,2018,Fossil,232.24,90.613,46.0,852.937,Ember Yearly Electricity Data,2026-10-09
South Africa,ZAF,2018,Total generation,256.3,100.0,53.55,774.651,Ember Yearly Electricity Data,2026-10-09
South Africa,ZAF,2019,Solar,5.4,2.134,2.81,47.593,Ember Yearly Electricity Data,2026-10-09
South Africa,ZAF,2019,Wind,6.63,2.62,2.09,9.653,Ember Yearly Electricity Data,2026-10-09
South Africa,ZAF,2019,Hydro,0.74,0.292,0.75,24.324,Ember Yearly Electricity Data,2026-10-09
South Africa,ZAF,2019,Bioenergy,0.43,0.17,0.26,216.279,Ember Yearly Electricity Data,2026-10-09
South Africa,ZAF,2019,Renewables,13.2,5.216,5.91,32.652,Ember Yearly Electricity Data,2026-10-09
South Africa,ZAF,2019,Fossil,226.62,89.548,47.59,851.284,Ember Yearly Electricity Data,2026-10-09
South Africa,ZAF,2019,Total generation,253.07,100.0,55.44,764.287,Ember Yearly Electricity Data,2026-10-09
South Africa,ZAF,2020,Solar,6.98,2.899,3.71,47.564,Ember Yearly Electricity Data,2026-10-09
South Africa,ZAF,2020,Wind,6.41,2.663,2.52,9.672,Ember Yearly Electricity Data,2026-10-09
South Africa,ZAF,2020,Hydro,1.47,0.611,0.75,23.81,Ember Yearly Electricity Data,2026-10-09
South Africa,ZAF,2020,Bioenergy,0.41,0.17,0.26,217.073,Ember Yearly Electricity Data,2026-10-09
South Africa,ZAF,2020,Renewables,15.27,6.343,7.24,33.857,Ember Yearly Electricity Data,2026-10-09
South Africa,ZAF,2020,Fossil,215.57,89.545,48.39,849.678,Ember Yearly Electricity Data,2026-10-09
South Africa,ZAF,2020,Total generation,240.74,100.0,57.57,763.201,Ember Yearly Electricity Data,2026-10-09
South Africa,ZAF,2021,Solar,7.84,3.194,4.21,47.577,Ember Yearly Electricity Data,2026-10-09
South Africa,ZAF,2021,Wind,8.65,3.524,2.49,9.595,Ember Yearly Electricity Data,2026-10-09
South Africa,ZAF,2021,Hydro,2.02,0.823,0.75,23.762,Ember Yearly Electricity Data,2026-10-09
South Africa,ZAF,2021,Bioenergy,0.41,0.167,0.26,217.073,Ember Yearly Electricity Data,2026-10-09
South Africa,ZAF,2021,Renewables,18.92,7.708,7.71,31.342,Ember Yearly Electricity Data,2026-10-09
South Africa,ZAF,2021,Fossil,214.19,87.261,49.980000000000004,846.716,Ember Yearly Electricity Data,2026-10-09
South Africa,ZAF,2021,Total generation,245.46,100.0,59.620000000000005,741.526,Ember Yearly Electricity Data,2026-10-09
South Africa,ZAF,2022,Solar,10.436,4.364,5.71,47.528,Ember Yearly Electricity Data,2026-10-09
South Africa,ZAF,2022,Wind,9.7,4.056,3.16,9.588,Ember Yearly Electricity Data,2026-10-09
South Africa,ZAF,2022,Hydro,3.1,1.296,0.75,23.871,Ember Yearly Electricity Data,2026-10-09
South Africa,ZAF,2022,Bioenergy,0.36,0.151,0.26,216.667,Ember Yearly Electricity Data,2026-10-09
South Africa,ZAF,2022,Renewables,23.596,9.867,9.879999999999999,31.404,Ember Yearly Electricity Data,2026-10-09
South Africa,ZAF,2022,Fossil,205.45,85.91,49.6,844.814,Ember Yearly Electricity Data,2026-10-09
South Africa,ZAF,2022,Total generation,239.146,100.0,61.42,729.094,Ember Yearly Electricity Data,2026-10-09
South Africa,ZAF,2023,Solar,14.798,6.353,8.01,47.506,Ember Yearly Electricity Data,2026-10-09
South Africa,ZAF,2023,Wind,11.6,4.98,3.44,9.655,Ember Yearly Electricity Data,2026-10-09
South Africa,ZAF,2023,Hydro,2.0,0.859,0.75,24.0,Ember Yearly Electricity Data,2026-10-09
South Africa,ZAF,2023,Bioenergy,0.47,0.202,0.26,217.021,Ember Yearly Electricity Data,2026-10-09
South Africa,ZAF,2023,Renewables,28.868,12.393,12.459999999999999,33.393,Ember Yearly Electricity Data,2026-10-09
South Africa,ZAF,2023,Fossil,195.97,84.13,49.6,844.109,Ember Yearly Electricity Data,2026-10-09
South Africa,ZAF,2023,Total generation,232.938,100.0,63.989999999999995,714.465,Ember Yearly Electricity Data,2026-10-09
South Africa,ZAF,2024,Solar,18.274,7.384,9.06,47.499,Ember Yearly Electricity Data,2026-10-09
South Africa,ZAF,2024,Wind,11.1,4.485,3.44,9.64,Ember Yearly Electricity Data,2026-10-09
South Africa,ZAF,2024,Hydro,1.1,0.444,0.75,23.636,Ember Yearly Electricity Data,2026-10-09
South Africa,ZAF,2024,Bioenergy,0.47,0.19,0.26,217.021,Ember Yearly Electricity Data,2026-10-09
South Africa,ZAF,2024,Renewables,30.944,12.503,13.51,35.645,Ember Yearly Electricity Data,2026-10-09
South Africa,ZAF,2024,Fossil,208.75,84.345,50.4,845.495,Ember Yearly Electricity Data,2026-10-09
South Africa,ZAF,2024,Total generation,247.494,100.0,65.84,717.755,Ember Yearly Electricity Data,2026-10-09
South Africa,ZAF,2025,Solar,19.47,8.022,11.26,47.509,Ember Yearly Electricity Data,2026-10-09
South Africa,ZAF,2025,Wind,11.295,4.653,4.33,9.65,Ember Yearly Electricity Data,2026-10-09
South Africa,ZAF,2025,Hydro,1.82,0.75,0.75,23.626,Ember Yearly Electricity Data,2026-10-09
South Africa,ZAF,2025,Bioenergy,0.47,0.194,0.26,217.021,Ember Yearly Electricity Data,2026-10-09
South Africa,ZAF,2025,Renewables,33.055,13.619,16.6,35.668,Ember Yearly Electricity Data,2026-10-09
South Africa,ZAF,2025,Fossil,199.456,82.175,51.2,844.587,Ember Yearly Electricity Data,2026-10-09
South Africa,ZAF,2025,Total generation,242.721,100.0,69.73,699.115,Ember Yearly Electricity Data,2026-10-09
